Country,BCA,BCA_NGDPD,GGR,GGR_NGDP,GGSB,GGSB_NPGDP,GGX,GGX_NGDP,GGXCNL,GGXCNL_NGDP,GGXONLB,GGXONLB_NGDP,GGXWDG,GGXWDG_NGDP,GGXWDN,GGXWDN_NGDP,LE,LP,LUR,NGAP_NPGDP,NGDP,NGDP_D,NGDP_FY,NGDP_R,NGDP_RPCH,NGDPD,NGDPDPC,NGDPPC,NGDPRPC,NGDPRPPPPC,NGSD_NGDP,NID_NGDP,PCPI,PCPIE,PCPIEPCH,PCPIPCH,PPPEX,PPPGDP,PPPPC,PPPSH,TM_RPCH,TMG_RPCH,TX_RPCH,TXG_RPCH,Grand Total
Afghanistan,2.247,11.157,397.564,25.694,,,432.266,27.937,-34.703,-2.243,-34.131,-2.206,114.461,7.397,,,,32.941,,,1547.29,120.05,1547.29,1288.87,-2.351,20.136,611.268,46972.1,39127.08,2328.76,27.619,16.462,120.671,122.1,4.987,5.607,19.123,80.912,2456.29,0.061,-2.925,-2.844,0.534,-16.606,2631.645
Albania,-1.315,-8.677,425.906,25.905,,,536.28,32.619,-110.374,-6.713,-75.98,-4.621,1248.3,75.927,1148.35,69.848,,2.878,11.675,,1644.08,203.32,1644.08,808.617,-3.482,15.161,5268.24,571296.57,280984.5,13394.46,14.074,22.79,108.613,108.225,1.051,1.621,40.437,40.658,14128,0.031,-19.517,-5.044,-27.509,-1.677,22325.93268
Algeria,-18.711,-12.677,5640.94,30.128,,,6902.89,36.868,-1261.95,-6.74,-1206.03,-6.441,9609.71,51.324,8098.51,43.253,,43.851,14.652,,18723.5,261.583,18723.5,7157.75,-4.9,147.6,3365.93,426980,163228.98,10747.35,29.921,42.597,211.18,215.21,3.516,2.415,37.666,497.091,11335.92,0.375,-18.914,-18.097,-4.154,-9.322,17240.40685
Andorra,0.422,14.634,1.022,40.371,,,1.093,43.189,-0.071,-2.818,,,1.173,46.329,,,0.045,0.078,2.85,,2.531,106.557,2.531,2.375,-11.184,2.885,36973.85,32443.63,30447.35,49728.24,,,102.298,102.385,-0.202,0.257,0.619,4.092,52451.57,0.003,,,,,6532.519484
Angola,0.872,1.497,7052.76,20.937,324.156,0.802,7690.86,22.831,-638.098,-1.894,1661.67,4.933,46090.59,136.826,,,,31.031,,,33685.67,2310.2,33685.67,1458.13,-5.554,58.254,1877.25,1085537.16,46988.9,6450.63,26.272,24.776,431.227,477.015,25.103,22.277,159.547,211.134,6803.89,0.159,-33.2,-33.561,-7.335,-6.421,32885.81964
Antigua and Barbuda,-0.252,-18.355,0.755,20.399,,,0.99,26.761,-0.235,-6.362,-0.14,-3.797,3.754,101.477,,,,0.098,,,3.7,126.318,3.7,2.929,-20.192,1.37,13997.54,37793.35,29919.2,17299.23,12.93,31.284,102.109,103.61,2.778,1.058,2.071,1.786,18246.61,0.001,-35.668,-28.343,-50.457,-30.247,3178.696216
Argentina,3.313,0.852,9197.04,33.466,-1694.54,-5.727,11567.47,42.092,-2370.42,-8.626,-1708.18,-6.216,28248.09,102.79,,,,45.388,11.55,,27481.44,4400.78,27481.44,624.468,-9.895,389.064,8571.94,605476.78,13758.4,19685.74,18.765,17.913,619.207,722.878,36.141,42.015,29.16,942.43,20763.82,0.711,-10.722,-10.588,-13.124,-13.167,19361.59845
Armenia,-0.479,-3.787,1560.66,25.247,,,1894.65,30.649,-333.993,-5.403,-169.382,-2.74,3923.89,63.476,,,,2.962,18.1,,6181.66,162.702,6181.66,3799.37,-7.395,12.641,4267.49,2086839.12,1282611.02,12631.53,14.746,18.532,218.396,229.594,3.746,1.226,156.631,39.466,13323.29,0.03,-30.991,-17.325,-35.571,-20.846,90094.33084
Aruba,-0.326,-13.056,1.071,23.969,,,1.82,40.724,-0.749,-16.755,-0.514,-11.51,5.146,115.135,,,,0.111,14,,4.469,106.575,4.469,4.194,-22.32,2.497,22483.49,40245.44,37762.58,28424.05,6.297,,123.624,122.518,-3.066,-1.312,1.342,3.329,29980.68,0.003,,,,,4830.543182
Australia,35.224,2.595,709.497,36.09,-159.068,-7.834,878.266,44.674,-168.769,-8.585,-149.658,-7.613,1136.85,57.828,679.567,34.567,12.668,25.684,6.492,-4.108,1965.92,100.348,1965.92,1959.11,-2.179,1357.32,52847.68,76543.98,76278.79,49088.42,24.87,22.271,116.175,117.1,0.861,0.89,1.478,1329.81,51776.72,1.004,-13.014,-2.261,-9.822,-4.074,7241.401909
Austria,8.221,1.899,184.915,48.749,-22.224,-5.736,216.438,57.06,-31.524,-8.311,-28.011,-7.384,315.644,83.213,225.736,59.511,4.281,8.901,5.4,-2.105,379.321,108.886,379.321,348.364,-6.735,432.912,48636.3,42615.5,39137.6,52262.89,27.8,25.901,131.81,131.692,1.037,1.392,0.773,490.668,55125.04,0.37,-9.377,-6.463,-10.759,-7.816,5484.343182
Azerbaijan,-0.228,-0.533,24.473,33.72,,,29.207,40.242,-4.734,-6.523,-4.129,-5.689,15.479,21.327,,,,10.067,7.157,,72.578,253.606,72.578,28.619,-4.31,42.693,4240.84,7209.44,2842.78,13758.21,22.794,24.235,263.348,266.129,2.72,2.824,0.497,146.09,14511.67,0.11,-9.744,-8.537,-9.02,-10.44,1154.724895
Bahrain,-3.245,-9.344,2.329,17.838,,,4.661,35.698,-2.332,-17.86,-1.669,-12.787,16.938,129.734,,,,1.472,5.9,,13.056,105.716,13.056,12.35,-4.936,34.723,23585.91,8868.3,8388.81,48018.45,25.929,35.274,97.58,97.8,-1.61,-2.324,0.175,74.564,50648.16,0.056,-0.702,-11.667,-2.549,-11.423,3688.211342
Bangladesh,-5.435,-1.682,2684.68,9.8,,,4219.33,15.403,-1534.65,-5.602,-951.489,-3.473,10825.32,39.518,,,,164.689,,,27393.32,239.327,27393.32,11445.97,3.509,323.057,1961.61,166333.27,69500.38,5012.94,28.67,30.468,282.685,303.952,6.021,5.648,32.333,870.79,5287.47,0.657,-3.347,-3.103,-14.166,-16.187,8969.594676
Barbados,-0.323,-6.902,2.702,29.837,-0.43,-3.937,3.132,34.581,-0.43,-4.744,-0.087,-0.961,13.287,146.713,13.17,145.424,,0.288,21.279,,9.354,118.731,9.056,7.878,-13.73,4.677,16245.06,32490.11,27364.57,13290.28,11.25,18.152,197.208,202.1,1.253,2.882,2.318,4.036,14018.11,0.003,-11.571,2.172,-37.716,-17.949,2483.591262
Belarus,-0.259,-0.423,52.664,35.175,-4.668,-3.14,56.962,38.045,-4.298,-2.87,-1.816,-1.213,71.107,47.493,,,,9.41,4.082,,149.721,121.473,149.721,123.254,-0.673,61.312,6515.65,15910.82,13098.22,19176.06,27.032,27.455,869.354,898.628,7.336,5.536,0.787,190.329,20226.23,0.144,-8.941,-9.086,0.815,0.1,1945.9382
Belgium,4.383,0.84,228.978,50.116,-35.024,-7.443,270.41,59.184,-41.432,-9.068,-33.744,-7.386,515.238,112.77,447.913,98.034,4.978,11.522,5.733,-2.906,456.894,108.588,456.894,420.758,-5.66,521.445,45254.72,39652.54,36516.4,49036.14,25.002,24.161,108.227,108.76,0.351,0.428,0.767,595.959,51721.57,0.45,-7.014,-7.014,-6.493,-6.493,5151.147182
Belize,-0.128,-8.067,0.967,30.485,,,1.254,39.535,-0.287,-9.05,-0.222,-6.995,4.22,133.078,,,,0.419,13.7,,3.171,131.562,3.171,2.41,-16.748,1.586,3781.35,7562.69,5748.4,5542.99,13.639,21.706,100,100,0.381,0.078,1.294,2.452,5846.55,0.002,-22.83,-22.244,-34.205,-31.023,761.4550263
Benin,-0.274,-1.746,1294.3,14.367,,,1718.07,19.071,-423.772,-4.704,-247.489,-2.747,4156.85,46.142,,,,12.146,,,9008.81,103.479,9008.81,8705.92,3.849,15.674,1290.5,741720.77,716783.16,3316.95,23.887,25.634,104.171,102.633,1.159,3.049,212.005,42.493,3498.6,0.032,0.141,-1.497,5.139,5.367,40555.70132
Bhutan,-0.301,-12.442,54.604,31.19,,,57.989,33.124,-3.385,-1.934,-2.554,-1.459,229.625,131.164,,,,0.745,5,,175.067,256.229,175.067,68.324,-2.382,2.416,3241.24,234894.63,91673.61,11267.23,12.871,34.709,249.69,249.906,4.54,4.15,19.765,8.857,11884.27,0.007,-14.409,-15.295,-2.945,2.719,9334.516632
Bolivia,-0.141,-0.382,63.935,25.26,,,96.122,37.976,-32.187,-12.717,-28.405,-11.222,197.754,78.129,172.652,68.212,,11.63,8.3,,253.112,563.061,253.112,44.953,-8.738,36.897,3172.56,21763.73,3865.26,7882.11,12.47,15.778,104.422,104.581,0.67,0.942,2.618,96.689,8313.77,0.073,-23.841,-23.841,-18.824,-18.824,1176.6914
Bosnia and Herzegovina,-0.752,-3.768,14.139,41.276,-1.088,-3.074,15.742,45.956,-1.603,-4.68,-1.35,-3.941,12.514,36.533,8.545,24.946,,3.487,15.9,,34.255,108.94,34.255,31.444,-3.119,19.951,5721.46,9823.58,9017.42,13750.52,18.897,22.664,100.117,104.64,-1.052,-1.052,0.677,50.574,14503.56,0.038,-13.308,-11.896,-17.044,-6.936,1273.508738
Botswana,-1.62,-10.848,46.263,26.044,-14.825,,65.843,37.068,-19.58,-11.023,-18.412,-10.365,33.706,18.975,25.607,14.416,,2.352,,,171.042,101.977,177.631,167.726,-8.726,14.93,6348.81,72733.49,71323.39,14667.62,23.825,32.794,346.538,339.785,2.153,1.89,4.701,36.382,15470.88,0.027,5.155,15.579,-18.112,-14.317,4553.219275
Brazil,-24.492,-1.691,2205.55,29.535,-912.108,-11.731,3201.16,42.867,-995.613,-13.332,-683.186,-9.149,7369.16,98.682,4670,62.537,,211.756,13.775,,7467.62,645.17,7467.62,1157.47,-3.879,1448.55,6840.66,35265.19,5466.03,14117.32,14.24,15.931,3.54572E+13,3.66401E+13,4.517,3.212,2.368,3153.14,14890.45,2.38,-8.64,-3.458,-1.367,0.038,1.7166E+12
Brunei Darussalam,0.542,4.518,2.892,17.465,,,5.499,33.205,-2.607,-15.74,-2.607,-15.74,0.473,2.857,,,,0.443,6.822,,16.561,85.756,16.561,19.311,1.113,12.003,27068.33,37347.3,43550.42,61354.68,,40.597,100.899,101.376,2,1.937,0.577,28.696,64714.73,0.022,-2.055,10.757,7.525,11.651,6338.615378
Bulgaria,-0.184,-0.263,42.028,35.037,-2.153,-1.852,45.559,37.981,-3.532,-2.944,-3.383,-2.82,27.953,23.304,16.083,13.408,,6.917,5.207,,119.951,123.779,119.951,96.907,-4.387,69.995,10119.91,17342.62,14010.95,22506.52,20.077,20.34,106.274,106.43,0.019,1.219,0.731,164.192,23739.08,0.124,-5.021,-2.967,-10.585,-4.423,2116.143619
Burkina Faso,-0.026,-0.149,1975.34,19.776,,,2544.28,25.472,-568.942,-5.696,-428.365,-4.289,4648.69,46.541,,,,20.912,,,9988.37,110.344,9988.37,9052.05,1.93,17.378,831.013,477628.31,432855.25,2157.62,23.514,23.662,104.153,104.15,2.318,1.885,209.875,47.592,2275.78,0.036,5.275,3.853,-7.054,-4.581,25775.53073
Burundi,-0.315,-10.212,1320.17,22.336,,,1709.39,28.921,-389.217,-6.585,-214.878,-3.635,3898.92,65.965,,,,11.875,,,5910.57,330.901,5910.57,1786.21,0.335,3.086,259.906,497734.45,150417.99,732.311,9.718,19.931,118.983,123.1,7.511,7.305,644.387,9.172,772.416,0.007,-17.818,-16.056,-15.366,-21.629,18139.47905
Cabo Verde,-0.271,-15.895,43.751,26.53,,,58.776,35.641,-15.024,-9.111,-10.259,-6.221,261.905,158.816,238.604,144.687,,0.557,8.5,,164.911,115.009,164.911,143.39,-14.783,1.707,3065.48,296171.34,257520.48,6036.15,20.211,36.106,101.718,101.42,-0.853,0.605,46.519,3.545,6366.72,0.003,-8.005,4.545,-53.215,-10.395,14272.46263
Cambodia,-3.057,-12.134,25334.52,24.475,,,28935.45,27.954,-3600.93,-3.479,-3220.06,-3.111,35470.78,34.267,,,,15.678,,,103511.61,188.866,103511.61,54807.02,-3.13,25.192,1606.81,6602347.81,3495791.39,4470.67,13.317,25.452,182.645,185.125,2.876,2.94,1400.14,73.93,4715.5,0.056,-3.129,-1.144,-5.416,19.656,282591.0851
Cameroon,-1.517,-3.713,3145.32,13.392,,,3894.11,16.58,-748.787,-3.188,-551.257,-2.347,10534.08,44.852,10104.15,43.021,,26.546,,,23486.47,104.65,23486.47,22442.83,0.534,40.863,1539.35,884750.63,845436.17,3668.81,13.512,17.743,261.369,263.841,2.119,2.451,228.634,102.725,3869.73,0.078,-15.625,-13.38,-6.972,-5.932,47081.75159
Canada,-29.389,-1.786,919.047,41.647,-196.631,-8.611,1169.75,53.007,-250.698,-11.36,-241.38,-10.938,2598.58,117.755,742.313,33.638,18.004,37.995,9.583,-3.356,2206.76,110.371,2206.76,1999.41,-5.233,1645.42,43306.64,58080.81,52623.25,46405.46,20.471,22.257,136.958,137.9,0.706,0.717,1.187,1859.72,48946.83,1.404,-10.839,-7.295,-9.71,-8.135,6014.977023
Central African Republic,-0.202,-8.462,298.587,21.755,,,344.724,25.116,-46.137,-3.362,-41.897,-3.053,596.103,43.432,,,,4.83,,,1372.51,178.202,1372.51,770.198,0.959,2.388,494.408,284163.01,159461.39,937.456,10.427,18.89,211.235,212.811,1.837,0.881,287.383,4.776,988.795,0.004,0.14,1.827,-0.278,9.353,12208.98773
Chad,-0.81,-7.555,1304.19,21.152,,,1176.94,19.088,127.249,2.064,187.59,3.042,3212.19,52.097,,,,16.426,,,6165.75,115.563,6165.75,5335.43,-2.157,10.728,653.088,375365.52,324815.95,1515.06,15.928,23.483,109.983,108.6,3.036,4.464,234.892,26.249,1598.04,0.02,-2.739,-4.68,2.982,-0.658,19685.7823
Chile,-4.777,-1.892,44245.63,22.12,-4739.34,-2.237,58550.15,29.272,-14304.52,-7.151,-13256.84,-6.628,65167.46,32.58,26782.02,13.389,,19.458,10.77,,200022.74,111.537,200022.74,179332.97,-6.063,252.501,12976.52,10279553.65,9216266.2,22061.27,19.924,21.598,105.37,106.784,2.91,3.044,441.762,452.784,23269.45,0.342,-12.809,-10.137,-1.203,2.679,483274.9054
China,248.838,1.674,26342.87,25.685,-9624.02,-9.046,37310.05,36.378,-10967.18,-10.693,-9984.28,-9.735,69806.87,68.063,,,,1412.12,4.24,,102562.84,112.142,102562.84,91457.91,2.244,14862.56,10525,72630.4,64766.38,16226.1,44.531,42.857,111.447,111.046,-0.305,2.392,4.244,24168.03,17114.71,18.242,-0.967,0.002,2.121,4.781,15549.58453
Colombia,-9.207,-3.405,265500.87,26.584,-44618.65,-4.071,335167.38,33.56,-69666.52,-6.976,-43537,-4.359,655736.41,65.658,545406.67,54.611,,50.372,16.067,,998718,121.927,998718,819114,-7.048,270.415,5368.32,19826681.36,16261159.08,13672.27,15.84,19.244,105.142,105.98,1.591,2.524,1374.85,726.422,14421.02,0.548,-15.919,-15.919,-9.117,-9.117,966303.5097
Comoros,-0.02,-1.608,95.807,18.251,,,98.483,18.761,-2.676,-0.51,-1.394,-0.266,116.991,22.286,,,,0.897,,,524.947,125.468,524.947,418.392,-0.342,1.218,1357.29,585082.1,466321.18,2890.88,14.708,16.316,177.132,173.808,-4.773,0.8,191.881,2.736,3049.2,0.002,5.75,12.491,-33.453,-30.548,28680.7333
Costa Rica,-0.709,-1.141,5077.37,13.966,-2509.43,-6.667,8146.61,22.408,-3069.24,-8.442,-1368.29,-3.764,24419.52,67.167,,,,5.128,19.98,,36356.27,104.979,36356.27,34631.89,-4.051,62.144,12117.61,7089193.86,6752952.58,19249.23,14.662,15.804,99.301,100,0.892,0.725,349.163,104.124,20303.4,0.079,-10.19,-10.19,-10.939,0.934,350819.5753
Côte d'Ivoire,-1.974,-3.214,5289.19,14.979,,,7255.05,20.546,-1965.86,-5.567,-1302.04,-3.687,16606.53,47.029,,,,26.958,,,35311.38,97.859,35311.38,36083.94,1.951,61.437,2279.02,1309877.32,1338535.45,5069.55,19.075,22.131,106.352,107.466,2.312,2.415,244.966,144.148,5347.18,0.109,10.487,10.487,-3.306,-3.306,75530.20927
Croatia,-0.064,-0.113,178.304,47.127,-20.524,-5.152,206.158,54.489,-27.854,-7.362,-21.294,-5.628,330.229,87.281,#DIV/0!,#DIV/0!,,4.048,9,,378.351,104.964,378.351,360.457,-8.1,57.204,14131.44,93466.16,89045.7,27053.24,23.796,23.909,102.383,102.2,-0.68,0.106,3.276,115.509,28534.8,0.087,-12.26,-8.837,-22.726,0.257,6366.4558
Cyprus,-2.485,-10.071,8.492,39.282,-1.175,-4.067,9.725,44.984,-1.233,-5.702,-0.8,-3.698,24.852,114.961,12.15,56.204,0.417,0.888,7.575,-1.36,21.618,101.677,21.618,21.261,-4.985,24.672,27783.76,24344.35,23942.77,39200.15,9.055,19.016,99.674,99.72,-0.885,-1.098,0.589,36.716,41346.92,0.028,-2.548,-7.36,-5.106,-2.518,3575.864386
Czech Republic,8.768,3.574,2371.1,41.639,-288.795,-5.006,2689.12,47.224,-318.015,-5.585,-284.182,-4.991,2149.4,37.746,1345.84,23.634,5.239,10.694,2.541,,5694.39,113.982,5694.39,4995.88,-5.798,245.339,22941.9,532487.33,467169.49,38672.9,29.494,25.92,111.767,111.9,2.285,3.161,13.054,436.214,40790.79,0.329,-6.859,-4.681,-6.922,-4.948,26217.23842
Democratic Republic of the Congo,-1.095,-2.248,8072.74,8.952,,,9358.35,10.377,-1285.61,-1.426,-1067.01,-1.183,14084.97,15.619,,,,90.794,,,90181.05,700.146,90181.05,12880.32,1.735,48.707,536.45,993248.07,141862.93,1067.75,6.675,9.242,5764.77,2695.13,15.756,11.358,881.928,102.254,1126.22,0.077,1.066,-3.247,6.47,6.584,37043.66814
Denmark,28.982,8.139,1240.52,53.251,-20.412,-0.86,1244.79,53.434,-4.265,-0.183,-12.216,-0.524,980.804,42.103,344.886,14.805,2.847,5.823,5.658,-1.812,2329.56,111.43,2329.56,2090.6,-2.061,356.085,61153.92,400078.28,359039.17,56065.51,31.065,22.926,102.875,103.1,0.389,0.333,6.765,344.334,59135.9,0.26,-4.08,-1.473,-7.007,-2.195,21528.88673
Djibouti,0.366,10.743,132.58,21.876,,,142.368,23.491,-9.788,-1.615,-8.837,-1.458,248.718,41.038,241.765,39.891,,0.988,,,606.063,110.371,606.063,549.114,1,3.41,3451.61,613422.96,555782.04,5482.17,40.987,30.243,110.383,109.997,0.31,1.777,106.084,5.713,5782.4,0.004,-29.363,-30.878,-29.504,-31.535,30434.96269
Dominica,-0.163,-29.957,0.845,56.341,,,0.955,63.657,-0.11,-7.316,-0.079,-5.294,1.61,107.33,,,,0.073,,,1.469,129.921,1.5,1.131,-10.997,0.544,7415.08,20020.71,15409.93,11322.81,-7.421,22.535,104.504,104.37,-0.704,-0.727,1.676,0.876,11942.89,0.001,-34.831,-29.34,-48.963,37.207,1799.244946
Dominican Republic,-1.541,-1.953,632.252,14.187,-152.943,-3.219,984.554,22.092,-352.302,-7.905,-207.909,-4.665,3187.98,71.533,2562.02,57.488,,10.448,5.829,,4456.66,181.897,4456.66,2450.09,-6.72,78.923,7553.51,426535.65,234492.46,17652.97,23.43,25.383,100.752,104.394,5.554,3.781,22.908,194.548,18619.73,0.147,-11.718,-9.388,-33.725,-14.042,17230.94762
Ecuador,2.565,2.583,29.408,29.618,-4.554,-4.439,35.476,35.73,-6.068,-6.111,-3.283,-3.307,60.458,60.89,,,,17.511,5.346,,99.291,149.802,99.291,66.282,-7.788,99.291,5670.33,5670.33,3785.22,10403.08,24.628,22.046,105.129,104.233,-0.933,-0.339,0.517,192.141,10972.8,0.145,-14.913,-12.215,0.216,5.054,942.136525
Egypt,-11.167,-3.068,1121.42,19.153,-407.228,-6.955,1580.93,27.001,-459.512,-7.848,73.094,1.248,5248.84,89.647,4905.74,83.787,,100.6,8.296,,5855,146.551,5855,3995.2,3.57,364.023,3618.52,58200.8,39713.72,12157.5,10.675,13.742,105.692,107.724,5.692,5.7,4.539,1290.02,12823.3,0.974,0.356,-1.565,-3.775,4.209,3729.551071
El Salvador,0.121,0.491,6.043,24.525,-1.079,-3.969,8.061,32.715,-2.018,-8.19,-0.937,-3.801,21.969,89.164,,,,6.486,11.973,,24.639,104.972,24.639,23.472,-7.942,24.639,3798.64,3798.64,3618.71,8056.56,18.397,17.906,112.027,112.2,-0.08,-0.37,0.447,55.118,8497.77,0.042,-7.135,-6.467,-21.221,-12.747,710.36025
Equatorial Guinea,-0.419,-4.183,819.733,14.211,,,920.589,15.959,-100.856,-1.748,-24.637,-0.427,2812.39,48.755,2186.28,37.901,,1.406,,,5768.44,119.852,5768.44,4812.96,-4.893,10.022,7126.5,4101914.27,3422474.19,16967.76,1.128,5.31,145.078,140.868,-0.471,4.798,229.196,25.168,17896.99,0.019,-7.81,-10.973,-0.55,-6.587,194618.0682
Eritrea,0.237,11.384,9.905,31.541,,,11.292,35.958,-1.387,-4.416,-0.881,-2.806,57.205,182.166,,,,3.546,,,31.403,92.547,31.403,33.931,-0.627,2.083,587.449,8855.79,9568.93,1725.91,18.823,7.44,536.071,548.692,4,4.842,4.865,6.455,1820.43,0.005,-1.323,-0.627,-7.341,-8.428,653.9585676
Estonia,-0.079,-0.258,10.811,40.289,-1.398,-5.048,12.313,45.885,-1.502,-5.596,-1.503,-5.601,5.098,18.996,0.818,3.048,0.657,1.329,6.806,-3.094,26.835,113.293,26.835,23.686,-2.951,30.626,23035.91,20184.25,17816,35341.82,29.986,30.244,109.795,109.62,-0.877,-0.634,0.541,49.559,37277.29,0.037,0.856,-2.156,-4.978,2.442,3052.727273
Eswatini,0.266,6.686,19.037,28.682,,,22.605,34.058,-3.568,-5.376,-2.124,-3.2,27.948,42.109,23.623,35.592,,1.127,,,65.432,155.698,66.371,42.025,-1.851,3.974,3526.66,58062.63,37291.82,8652.65,19.501,12.816,348.925,353.01,4.589,3.872,6.362,10.285,9126.51,0.008,-0.63,-0.63,-2.401,-2.401,3024.940769
Ethiopia,-4.444,-4.6,394.966,11.705,,,488.243,14.469,-93.277,-2.764,-79.796,-2.365,1811.93,53.697,1689.93,50.082,,97.175,,,3374.35,169.606,3374.35,1989.52,6.057,96.611,994.197,34724.59,20473.65,2756.87,26.582,30.752,175.618,181.948,18.169,20.354,11.942,282.569,2907.85,0.213,-4.538,-3.396,-8.058,2.23,1949.409923
Fiji,-0.578,-12.632,2.473,23.041,,,3.321,30.939,-0.848,-7.898,-0.503,-4.683,6.66,62.043,6.594,61.423,,0.9,13.351,,9.921,109.422,10.735,9.067,-15.151,4.574,5084.44,11027.08,10077.55,11485.36,,19.1,120.119,118.062,-2.817,-2.595,0.91,10.899,12114.35,0.008,,,,,1438.989629
Finland,2.264,0.834,122.492,51.468,-7.349,-2.989,135.399,56.892,-12.907,-5.423,-12.605,-5.296,164.183,68.986,79.244,33.296,2.494,5.525,7.758,-3.215,237.995,106.098,237.995,224.316,-2.3,271.619,49159.28,43073.74,40598.04,47442.51,25.317,24.484,103.976,104.3,0.192,0.383,0.861,276.489,50040.67,0.209,-6.643,-3.414,-7.473,-3.562,5286.048477
France,-49.845,-1.901,1210.93,52.633,-142.35,-5.889,1419.91,61.716,-208.987,-9.084,-181.282,-7.879,2649.3,115.152,2361.2,102.629,27.18,65.284,8.008,-4.817,2300.71,107.17,2300.71,2146.77,-7.987,2621.96,40162.15,35241.29,32883.41,43813.22,21.762,23.663,105.498,105.58,-0.18,0.526,0.763,3016.96,46212.62,2.277,-12.164,-10.652,-16.117,-14.994,4965.15575
Gabon,-0.924,-6.026,1552.95,17.615,,,1746.22,19.807,-193.267,-2.192,103.666,1.176,6816.33,77.317,,,,2.108,,,8816.14,156.304,8816.14,5640.37,-1.864,15.339,7277.37,4182701.39,2676001.82,15118.63,25.609,31.635,139.456,140.738,1.553,1.341,262.294,33.612,15946.6,0.025,-0.839,-0.839,13.045,13.045,187331.9917
Georgia,-1.966,-12.405,12.422,25.213,-2.761,-5.312,16.981,34.468,-4.559,-9.255,-3.79,-7.693,29.654,60.19,,,,3.717,18.5,,49.267,131.12,49.267,37.574,-6.76,15.846,4263.13,13254.79,10108.88,13988.18,11.452,23.857,140.564,141.311,2.405,5.202,0.898,54.84,14754.23,0.041,-17.914,-11.486,-37.011,-13.627,1427.4865
Germany,272.471,7.089,1566.89,46.529,-107.377,-3.106,1712.13,50.842,-145.246,-4.313,-131.09,-3.893,2314.33,68.724,1558.87,46.291,41.725,83.161,3.833,-2.604,3367.56,108.742,3367.56,3096.84,-4.56,3843.34,46215.6,40494.46,37239.09,51718.75,28.238,21.149,105.842,105.5,-0.659,0.371,0.742,4536.52,54551.09,3.424,-9.179,-5.319,-10.093,-8.992,5821.392545
Ghana,-2.158,-3.15,51.135,13.334,,,111.065,28.962,-59.93,-15.628,-35.33,-9.213,300.28,78.303,284.176,74.103,,30.779,,,383.486,231.025,383.486,165.993,0.414,68.498,2225.51,12459.49,5393.12,5497.81,16.087,19.238,257.758,269.845,10.473,9.885,2.149,178.482,5798.89,0.135,-6.203,0.334,-7.331,-7.331,876.8710513
Greece,-13.84,-7.335,80.897,48.932,-7.485,-3.999,98.871,59.804,-17.974,-10.872,-13.026,-7.879,350.32,211.897,,,3.875,10.719,16.4,-10.733,165.326,98.952,165.326,167.077,-9.019,188.684,17603.44,15424.27,15587.67,26979.07,7.663,14.998,119.943,116.903,-2.39,-1.262,0.542,305.013,28456.56,0.23,-7.313,-2.615,-26.177,-4.489,2527.07081
Grenada,-0.22,-21.043,0.793,28.137,0.105,3.452,0.759,26.932,0.034,1.206,0.09,3.19,2.012,71.408,,,,0.113,,,2.817,131.203,2.817,2.147,-13.757,1.043,9273.2,25037.64,19083.09,14480.44,4.182,25.224,111.093,111.19,-0.803,-0.742,1.639,1.719,15273.45,0.001,-11.576,-11.576,-62.9,-29.946,2141.758026
Guatemala,4.249,5.475,64.066,10.691,-27.176,-4.264,93.529,15.608,-29.463,-4.917,-19.132,-3.193,188.908,31.525,,,,17.974,,,599.236,118.34,599.236,506.368,-1.519,77.603,4317.45,33338.39,28171.7,7872.15,18.409,12.934,144.761,148.64,4.824,3.214,4.015,149.246,8303.26,0.113,-4.603,-4.603,-4.449,-4.449,2172.15759
Guinea,-2.09,-13.663,18859.61,12.892,,,23085.98,15.781,-4226.37,-2.889,-3212.71,-2.196,64405.32,44.027,,,,13.967,,,146285.46,203.804,146285.46,71777.41,6.377,15.294,1094.96,10473388.5,5138943.48,2496.9,2.68,16.343,2055.08,2131.9,10.579,10.602,3976.78,36.785,2633.64,0.028,101.244,80.059,3.179,4.912,434879.4355
Guinea-Bissau,-0.039,-2.641,134.748,15.898,,,219.092,25.85,-84.345,-9.951,-71.107,-8.39,672.57,79.353,,,,1.815,,,847.565,102.834,847.565,824.21,1.5,1.475,812.391,466925.41,454059.09,2314.28,19.166,21.807,106.251,106.95,1.499,1.463,191.283,4.431,2441.02,0.003,-5.163,-2.885,-16.076,-5.487,25150.63338
Guyana,-0.794,-14.509,259.667,22.763,-67.35,-5.904,350.278,30.706,-90.611,-7.943,-82.849,-7.263,582.721,51.082,550.058,48.219,,0.787,,,1140.76,76.149,1140.76,1498.06,43.48,5.471,6952.7,1449638.32,1903688.74,18671.3,-5.148,9.361,119.476,120.647,0.948,0.722,73.609,15.498,19693.82,0.012,22.288,1.094,159.041,183.342,83045.59776
Haiti,0.158,1.091,108.524,7.485,,,143.265,9.881,-34.741,-2.396,-31.138,-2.148,309.491,21.346,,,,11.743,,,1449.89,231.775,1449.89,625.558,-3.343,14.508,1235.48,123468.09,53270.64,2849.17,18.794,17.703,144.225,159.6,25.176,22.945,41.085,35.29,3005.2,0.027,-9.914,-7.926,-39.533,-23.873,5095.216703
Honduras,0.661,2.775,136.779,23.352,,,164.009,28.001,-27.23,-4.649,-21.983,-3.753,298.562,50.972,,,,9.942,9.4,,585.734,291.497,585.734,200.94,-8.965,23.828,2396.69,58915.11,20211.22,5119.06,21.496,18.721,342.567,350.057,4.013,3.468,10.911,53.681,5399.4,0.041,-8.353,-8.353,-13.215,-13.215,2503.918553
Hong Kong SAR,24.088,6.984,564.23,20.68,-152.245,-5.175,816.074,29.911,-251.844,-9.231,-304.077,-11.145,27.216,0.998,,,3.662,7.427,5.828,,2675.31,100.575,2728.37,2660.03,-6.497,344.879,46437.74,360229.17,358170.66,56326.49,25.933,18.952,99.867,99.8,-0.894,0.251,6.063,441.229,59411.17,0.333,-6.858,-3.184,-6.684,-1.402,21720.11424
Hungary,-2.473,-1.587,20774.79,43.291,-3519.32,-7.472,24644.41,51.355,-3869.62,-8.064,-2787.55,-5.809,38408.02,80.036,35072.57,73.085,,9.77,4.115,,47988.48,122.627,47988.48,39133.62,-4.676,155.808,15948.41,4912058.07,4005682.26,31423.26,25.906,27.274,125.812,126.788,2.7,3.319,148.203,323.803,33144.14,0.244,-3.485,7.31,-5.933,-0.354,220080.5146
Iceland,0.178,0.822,1231.61,42.056,-118.554,-3.935,1485.63,50.731,-254.026,-8.674,-188.224,-6.427,2266.88,77.408,1779.25,60.757,0.189,0.364,6.433,,2928.47,114.603,2928.47,2555.31,-7.071,21.625,59386.9,8042275.65,7017499.05,52824.48,22.177,21.356,170.672,173.6,3.58,2.851,144.341,20.289,55717.38,0.015,-21.555,-13.084,-30.227,-8.593,354491.9246
India,24.011,0.9,36226.58,18.295,-18678.64,-8.731,61486.74,31.052,-25260.15,-12.757,-15028.08,-7.59,178318.84,90.056,,,,1378.62,,,198009.1,146.041,198009.1,135584.7,-6.596,2667.69,1935.04,143628.42,98348.09,6192.82,28.796,27.896,164.812,156.567,4.867,6.175,21.989,9005.11,6531.97,6.797,-13.814,-15.522,-6.066,-7.406,26128.35185
Indonesia,-4.433,-0.418,1924338.96,12.465,-808560.6,-4.984,2872036.93,18.604,-947697.97,-6.139,-633609.85,-4.104,6138288.99,39.761,5579692.83,36.143,,270.204,7.07,,15438017.5,143.97,15438017.5,10723054.8,-2.065,1059.9,3922.6,57134691.72,39685045.72,11586.23,31.936,32.355,104.909,105.68,1.684,2.033,4675.22,3302.09,12220.75,2.492,-14.772,-14.772,-3.943,-3.943,3632876.977
Iraq,-18.301,-10.798,63166.24,31.297,,,89024.74,44.109,-25858.5,-12.812,-23302.61,-11.546,169961.01,84.211,,,,40.132,,,201828.06,107.436,201828.06,187858.12,-15.701,169.488,4223.22,5029053.91,4680957.8,9434.77,6.147,,123.489,126.779,3.155,0.574,505.359,399.376,9951.46,0.301,,,,,331240.593
Ireland,-11.293,-2.654,83.616,22.425,-4.221,-1.106,102.033,27.364,-18.417,-4.939,-14.631,-3.924,217.881,58.434,195.251,52.365,2.253,4.993,5.842,-2.29,372.869,98.788,372.869,377.444,5.867,425.549,85229.9,74679.1,75595.39,91035.79,38.228,40.882,101.183,100.9,-1.078,-0.451,0.778,479.43,96021.31,0.362,-7.443,-2.253,9.498,16.461,9675.008068
Islamic Republic of Iran,-0.707,-0.075,3126610.7,7.936,,,5133337.7,13.029,-2006727,-5.093,-1806833.28,-4.586,17981982.11,45.642,14741249.16,37.416,,84.139,9.6,,39398195.91,271.146,39398195.91,14530245.02,1.762,938.052,11148.8,468249687.9,172692747.4,14945.21,42.322,42.397,262.281,309.699,48.678,36.442,29704.34,1326.35,15763.68,1.001,-20.169,-12.629,-1.932,8.254,19287842.36
Israel,22.168,5.445,483.862,34.527,-137.188,-9.504,635.565,45.352,-151.704,-10.825,-126.372,-9.017,1004.41,71.672,958.562,68.4,3.913,9.214,4.3,,1401.41,104.369,1401.41,1342.75,-2.153,407.101,44181.17,152089.51,145723.36,39128.19,27.563,22.117,99.958,99.8,-0.697,-0.588,3.685,380.286,41271.02,0.287,-9.461,-2.785,-1.893,-0.937,10013.21516
Italy,70.856,3.747,785.398,47.4,-106.651,-6.043,944.42,56.997,-159.022,-9.597,-104.564,-6.311,2573.47,155.313,2349.95,141.823,22.385,59.641,9.342,-6.111,1656.96,105.334,1656.96,1573.06,-9.026,1891.06,31707.08,27781.99,26375.21,39135.84,21.45,17.704,103.025,103.5,-0.289,-0.145,0.673,2461.95,41279.09,1.858,-12.111,-8.559,-13.426,-9.215,4150.964
Jamaica,-0.043,-0.306,575.404,29.09,,,635.911,32.149,-60.507,-3.059,68.53,3.465,2137.58,108.068,,,,2.737,#DIV/0!,,1978.62,281.639,1977.99,702.54,-10.049,13.967,5102.76,722862.7,256663.22,9474.21,18.98,19.177,105.21,109,5.18,5.21,72.336,27.353,9993.06,0.021,-17.011,-14.055,-38.897,-17.887,27374.17008
Japan,148.833,2.953,191417.7,35.569,-45002.34,-8.138,239591.7,44.521,-48174,-8.952,-44744.8,-8.314,1393798.8,258.996,873824.1,162.374,67.103,125.849,2.783,-2.68,538155.4,101.879,538155.4,528230.8,-4.498,5040.11,40048.93,4276207.75,4197346.42,39964.87,28.368,25.415,99.994,99.425,-0.919,-0.026,101.444,5304.97,42153.52,4.004,-7.187,-7.187,-11.797,-11.797,290285.3942
Jordan,-3.552,-8.116,7.029,22.655,-2.109,-6.362,9.694,31.245,-2.665,-8.59,-1.386,-4.468,27.295,87.978,27.265,87.881,,10.203,22.7,,31.025,104.871,31.025,29.584,-1.551,43.759,4288.81,3040.76,2899.53,9816.39,10.795,18.911,101.077,101.104,-0.322,0.397,0.294,105.643,10353.98,0.08,-16.735,-9.059,-15.331,-3.215,743.5361667
Kazakhstan,-6.485,-3.791,12369.99,17.509,-4823.65,-6.734,17341.5,24.546,-4971.51,-7.037,-5426.24,-7.681,18621.06,26.357,-6092.71,-8.624,,18.877,4.925,,70649.03,492.081,70649.03,14357.2,-2.6,171.082,9062.96,3742578.57,760561.74,25172.41,24.974,28.765,457.28,472.711,7.5,6.799,140.958,501.205,26550.96,0.378,-27.79,-23.849,-1.365,1.015,113069.0797
Kenya,-4.797,-4.737,1785.93,16.609,,,2657.12,24.711,-871.189,-8.102,-450.593,-4.19,7269.02,67.6,6751.96,62.791,,48.693,,,10752.99,123.388,10752.99,8714.77,-0.316,101.279,2079.96,220834.03,178975.13,4792.51,15.345,20.081,392.879,386.441,5.617,5.29,43.687,246.14,5054.97,0.186,-5.887,-2.461,-14.024,2.377,11810.72303
Kiribati,0.071,39.148,0.3,114.1,,,0.29,110.395,0.01,3.705,0.01,3.97,0.05,19.02,,,,0.119,,,0.263,144.056,0.263,0.182,-0.547,0.182,1519.52,2200.85,1527.78,1858,,,128.652,126.8,0.434,2.48,1.123,0.234,1959.75,#DIV/0!,-18.779,-2.048,-36.194,-22.753,284.7481176
Korea,75.902,4.633,443694,22.952,-29516.75,-1.484,487032,25.194,-43338,-2.242,-52647.73,-2.723,945100,48.889,356565.35,18.445,26.904,51.781,3.942,-2.812,1933152.4,105.241,1933152.4,1836881.1,-0.852,1638.26,31638.46,37333541.6,35474325.23,42426.54,36.177,31.861,100,100.33,0.613,0.537,834.269,2317.18,44750.01,1.749,-3.33,-0.086,-1.842,-0.483,1835049.673
Kosovo,-0.539,-6.973,1.736,25.641,-0.43,-5.955,2.27,33.523,-0.534,-7.882,-0.512,-7.558,1.523,22.487,,,,1.789,25.95,,6.772,104.35,6.772,6.489,-5.341,7.728,4318.82,3784.18,3626.45,10710.6,26.433,33.406,105.628,104.761,0.056,0.218,0.335,20.216,11297.16,0.015,-6.196,-3.552,-27.851,21.669,855.59135
Kuwait,3.407,3.215,17.123,52.775,,,21.264,65.538,-4.141,-12.763,-8.907,-27.451,3.798,11.706,,,,4.671,1.276,,32.445,90.11,32.445,36.006,-8.855,105.949,22683.64,6946.48,7708.89,41006.31,28.443,25.227,187.842,195.617,2.959,2.109,0.161,202.018,43251.99,0.152,-14.961,-14.961,-9.866,-9.866,3226.626184
Kyrgyz Republic,0.349,4.481,185.582,30.837,-7.141,-1.112,205.17,34.092,-19.588,-3.255,-13.606,-2.261,407.117,67.648,,,,6.517,6.605,,601.82,352.879,601.82,170.546,-8.617,7.792,1195.72,92347.53,26169.77,4746.81,23.022,18.541,165.523,174.894,9.722,6.323,18.445,32.629,5006.77,0.025,-24.293,-22.27,-25.066,-10.432,3311.53345
Lao P.D.R.,-0.837,-4.519,21780.87,12.981,,,31162.87,18.572,-9382,-5.591,-6852.14,-4.084,138607.67,82.607,,,,7.276,,,167791.94,130.185,167791.94,128886.89,-0.435,18.524,2546.1,23062421.93,17715056.53,7678.89,,,113.185,114.281,3.226,5.104,2847.42,58.928,8099.42,0.044,-16.746,-7.722,-7.407,1.446,1183970.21
Latvia,0.964,2.869,11.321,38.431,-1.063,-3.525,12.469,42.331,-1.149,-3.9,-0.886,-3.008,12.75,43.283,9.846,33.425,0.893,1.908,8.099,,29.457,110.526,29.457,26.652,-3.769,33.619,17622.78,15441.21,13970.69,29953.67,24.564,21.676,108.618,107.95,-0.489,0.081,0.489,60.271,31594.07,0.045,-2.465,-2.465,-2.153,-2.153,2542.497419
Lebanon,-3.876,-14.189,14694.56,13.767,-9043.81,-7.667,20929.56,19.608,-6235,-5.841,-818.019,-0.766,144108,135.007,141581,132.64,,6.825,,,106741.07,228.414,106741.07,46731.36,-22,27.32,4002.74,15638703.78,6846642.31,11410.04,-10.162,,202.875,284,145.887,84.88,1299.45,82.144,12034.9,0.062,-50.56,-41.393,-49.681,-21.662,577016.4661
Lesotho,-0.042,-2.015,18.633,55.26,,,18.548,55.01,0.084,0.25,0.615,1.823,18.269,54.183,6.306,18.701,,2.062,,,33.718,165.5,33.718,20.373,-5.982,2.061,999.345,16352.61,9880.74,2529.27,24.072,26.087,120.815,124.284,6.453,4.978,6.13,5.501,2667.79,0.004,-2.413,-2.06,-21.594,-20.246,851.2523333
Liberia,-0.496,-16.332,0.95,31.266,,,1.066,35.109,-0.117,-3.842,-0.078,-2.557,1.771,58.323,1.604,52.818,,4.694,,,3.037,98.366,3.037,3.088,-2.967,3.037,647.089,647.089,657.837,1469.75,,,856.247,878.53,13.122,16.953,0.417,7.276,1550.24,0.005,-4.91,4.774,-5.367,10.465,189.7647027
Libya,-3.98,-20.719,22.818,85.738,,,37.31,140.191,-14.492,-54.453,-14.492,-54.453,,,,,,6.644,,,26.614,241.26,26.614,11.031,-59.719,19.21,2891.46,4005.88,1660.4,5586.42,,412.556,311.372,334.274,2.817,2.817,0.68,39.147,5892.36,0.03,-42.085,-53.684,-66.175,-66.508,626.6730294
Lithuania,4.146,7.338,17.282,34.907,-3.145,-6.325,20.88,42.175,-3.598,-7.268,-3.305,-6.677,23.061,46.58,20.358,41.122,1.358,2.795,8.488,,49.507,114.172,49.507,43.362,-0.132,56.502,20216.06,17713.47,15514.77,37178.19,20.809,13.47,110.628,110.54,-0.072,1.062,0.452,109.599,39214.23,0.083,-4.38,,0.434,,3189.08378
Luxembourg,3.137,4.281,28.203,43.915,-1.534,-2.319,30.654,47.732,-2.451,-3.817,-2.602,-4.052,15.895,24.751,-3.437,-5.352,0.472,0.626,6.355,-3.006,64.221,107.769,64.221,59.592,-1.777,73.294,117063.47,102571.92,95177.83,113850.82,22.18,17.9,105.938,106.36,-0.347,0.005,0.854,75.187,120085.79,0.057,1.586,-6.929,1.253,-6.725,12491.18
Macao SAR,3.879,15.159,56.511,27.646,,,99.86,48.853,-43.35,-21.207,-43.35,-21.207,0,0,,,0.395,0.683,2.55,,204.409,99.763,204.409,204.894,-54.011,25.586,37455.87,299237.3,299947.3,54876.36,,25.564,151.039,150.224,-0.865,0.811,5.17,39.539,57881.63,0.03,,,,,22075.92482
Madagascar,-0.702,-5.373,6129.15,12.394,,,8085.23,16.349,-1956.08,-3.955,-1594.53,-3.224,24234.7,49.005,,,,28.539,,,49453.22,243.39,49453.22,20318.5,-7.141,13.056,457.487,1732847.45,711963.02,1420.38,8.208,13.582,129.775,132.488,4.569,4.188,1156.64,42.756,1498.17,0.032,-20.743,-17.764,-30.628,-18.467,70379.91597
Malawi,-1.629,-13.754,1282.32,14.545,,,2003.65,22.727,-721.334,-8.182,-439.872,-4.989,4829.94,54.785,,,,20.873,,,8815.34,121.505,8816.22,7255.13,0.913,11.847,567.59,422330.84,347583.15,1384.38,-6.216,7.538,91.455,89.663,7.645,8.639,289.228,30.479,1460.2,0.023,5.899,5.899,-17.183,-17.183,21780.59678
Malaysia,14.287,4.236,292.428,20.643,-52.047,-3.505,357.927,25.267,-65.499,-4.624,-40.507,-2.859,960.22,67.783,,,,32.584,4.525,,1416.61,105.412,1416.61,1343.88,-5.647,337.28,10351.08,43475.48,41243.56,26294.59,23.969,19.733,120.1,120.6,-1.39,-1.139,1.568,903.704,27734.6,0.682,-9.22,-2.837,0.166,1.361,3912.540275
Maldives,-1.327,-35.532,15.222,26.441,,,28.754,49.946,-13.532,-23.505,-12.057,-20.944,84.128,146.135,,,,0.378,,,57.569,112.305,57.569,51.261,-33.5,3.736,9882.74,152292.97,135606.09,18223.99,-15.532,20,97.919,98.251,-2.044,-1.594,7.923,7.266,19222.02,0.005,-40.354,-38.172,-52.431,-28.84,9074.952811
Mali,-0.403,-2.304,2083.4,20.725,,,2625.27,26.115,-541.878,-5.39,-418.256,-4.161,4758.46,47.335,4093.57,40.721,,20.249,,,10052.78,187.759,10052.78,5354.1,-1.244,17.491,863.784,496463.62,264415.75,2226.08,14.87,17.175,143.326,140.178,0.685,0.536,211.442,47.544,2347.99,0.036,7.842,10.983,-20.546,-11.391,20648.38521
Malta,-0.457,-3.069,4.675,35.796,-0.964,-6.964,5.971,45.717,-1.296,-9.921,-1.126,-8.618,6.959,53.282,5.64,43.183,0.261,0.515,4.367,-5.687,13.06,110.582,13.06,11.81,-8.349,14.905,28966.25,25380.45,22951.63,41353.65,18.918,21.986,106.368,103.61,0.164,0.787,0.582,22.444,43618.36,0.017,-2.228,-2.228,-5.62,-5.62,3701.201182
Marshall Islands,0.039,16.168,0.171,70.291,,,0.159,65.287,0.012,5.004,0.013,5.277,0.046,19.013,,,,0.055,,,0.244,117.818,0.244,0.207,-2.448,0.244,4412.99,4412.99,3745.61,3631.09,,,146.59,148.825,-0.248,-0.248,1.152,0.211,3829.94,#DIV/0!,,,-1.316,,665.3364516
Mauritania,-0.576,-7.106,65.482,22.243,,,56.933,19.339,8.549,2.904,11.428,3.882,174.253,59.192,171.092,58.118,,4.147,,,294.389,364.908,294.389,80.675,-1.763,8.11,1955.5,70981.53,19451.91,5730.69,34.479,41.775,178.99,178.642,1.826,2.264,11.743,25.069,6044.53,0.019,-1.593,-1.593,1.898,1.898,2726.414487
Mauritius,-1.365,-12.496,98.711,22.654,-64.948,-13.629,146.401,33.599,-47.689,-10.945,-35.479,-8.142,432.177,99.184,,,,1.267,9.2,,429.694,136.814,435.731,314.072,-14.898,10.921,8618.64,339117.15,247867.21,19441.36,15.305,18.981,106.314,106.1,2.711,2.52,16.537,25.983,20506.05,0.02,-11.377,-8.909,-37.862,-16.249,15943.28295
Mexico,26.21,2.411,5658.64,24.226,-524.806,-2.124,6691.98,28.65,-1033.35,-4.424,-120.358,-0.515,14083.71,60.297,12086.26,51.745,,127.792,4.409,,23357.38,137.592,23357.38,16975.83,-8.167,1087.12,8506.91,182776.12,132839.22,18124.47,21.573,19.162,107.425,109.271,3.15,3.398,9.561,2443.01,19117.05,1.844,-13.735,-12.559,-7.292,-4.733,11097.8984
Micronesia,0.01,2.482,0.283,68.692,,,0.282,68.539,0.001,0.153,0.003,0.625,0.065,15.883,,,,0.105,,,0.412,165.089,0.412,0.249,-1.818,0.412,3935.56,3935.56,2383.9,3259.84,,,133.095,132.867,-0.328,0.914,1.145,0.36,3438.37,#DIV/0!,,,,,584.7720667
Moldova,-0.886,-7.687,62.655,31.369,,,73.275,36.686,-10.62,-5.317,-8.913,-4.462,73.273,36.685,,,,2.634,3.825,,199.734,1629.05,199.734,12.261,-8.3,11.53,4377.54,75829.9,4654.87,12087.68,16.177,23.864,58021.23,25857.98,0.39,3.771,5.948,33.582,12749.66,0.025,0.258,0.258,-21.332,-21.332,5156.499868
Mongolia,-0.675,-5.067,10445.21,27.889,,,13904.24,37.124,-3459.03,-9.236,-2519.83,-6.728,34208.25,91.336,,,,3.358,7,,37453.28,140.509,37453.28,26655.38,-4.558,13.313,3965.1,11154968.55,7938955.55,11447.15,17.316,22.384,124.883,124.8,2.295,3.717,923.88,40.539,12074.04,0.031,-13.08,-5.162,-15.064,-9.011,507291.1306
Montenegro,-1.244,-26.05,1.817,43.413,,,2.275,54.35,-0.458,-10.938,-0.344,-8.222,4.493,107.349,,,,0.621,,,4.186,159.463,4.186,2.625,-15.3,4.777,7688.55,6736.77,4224.66,18281.07,5.001,31.186,307.128,277.14,-0.946,-0.238,0.349,11.98,19282.22,0.009,-19.502,-17.525,-48.302,-11.425,1542.570919
Morocco,-1.683,-1.467,311.147,28.558,-67.015,-5.837,393.516,36.118,-82.369,-7.56,-53.584,-4.918,832.484,76.408,825.146,75.735,,35.952,12.2,,1089.52,115.485,1089.52,943.429,-6.293,114.724,3191.05,30304.88,26241.34,7288.63,26.982,28.449,102.451,101.511,-0.912,0.622,3.942,276.391,7687.79,0.209,-8.772,-4.738,-20.738,-6.116,1927.671119
Mozambique,-3.869,-27.582,273.467,28.062,,,323.314,33.177,-49.847,-5.115,-19.172,-1.967,1159.83,119.016,,,,31.255,,,974.511,146.011,974.511,667.425,-1.234,14.029,448.844,31178.93,21353.89,1229.94,30.219,57.801,126.806,129.68,3.52,3.142,24.034,40.548,1297.3,0.031,-4.867,-8.744,-18.167,-19.399,1635.387297
Myanmar,-2.749,-3.384,18460.26,16.038,,,24917.79,21.648,-6457.53,-5.61,-4612.36,-4.007,45208.59,39.276,,,,53.199,,,115105.76,125.128,115105.76,91990.62,3.189,81.257,1527.43,2163699.34,1729192.74,4968.73,28.902,32.285,161.137,163.105,2.034,5.725,412.853,278.806,5240.84,0.21,4.808,8.413,-3.196,-3.289,116371.9932
Namibia,0.321,3.024,58.01,33.181,,,72.271,41.338,-14.261,-8.157,-7.072,-4.045,116.685,66.743,112.365,64.272,,2.504,,,174.827,131.951,174.827,132.494,-8.5,10.619,4239.89,69805.2,52902.39,8942.77,17.657,14.354,140.626,141.806,2.361,2.209,7.4,23.624,9432.51,0.018,-21.603,-21.421,-22.383,-19.042,3762.609308
Nauru,0.003,2.757,0.29,170.218,,,0.229,134.528,0.061,35.691,,,0.105,61.382,,,,0.013,,,0.171,193.75,0.171,0.088,0.706,0.114,8866.87,13210.89,6818.53,9341.36,,,120.039,110.2,-15.617,-6.564,1.341,0.127,9852.94,#DIV/0!,,,,,1746.442607
Nepal,-0.339,-0.996,865.031,22.097,,,1073.62,27.425,-208.587,-5.328,-183.994,-4.7,1650.4,42.159,,,,29.137,,,3914.7,170.882,3914.7,2290.88,-2.088,33.982,1166.3,134355.87,78624.95,3800.07,27.404,28.4,132.841,134.69,4.776,6.15,33.52,116.785,4008.17,0.088,,,,,7153.605909
Netherlands,63.719,6.978,328.598,41.07,-27.166,-3.334,363.988,45.493,-35.39,-4.423,-32.102,-4.012,422.089,52.755,345.603,43.195,9.116,17.408,4.851,-1.8,800.095,109.851,800.095,728.345,-3.825,913.134,52456.09,45962.44,41840.67,54671.24,28.72,21.742,106.955,107.28,0.77,1.119,0.797,1003.81,57665.27,0.758,-5.415,-2.276,-4.756,-1.817,5882.675636
New Zealand,-1.73,-0.821,122.033,37.648,-11.878,-3.554,135.107,41.682,-13.075,-4.034,-10.988,-3.39,139.771,43.121,33.179,10.236,2.73,5.086,4.625,-2.986,324.14,127.982,324.14,253.27,-2.074,210.698,41427.86,63733.07,49798.46,40372.39,20.838,21.659,150.912,149.197,1.437,1.715,1.497,216.575,42583.35,0.163,-15.917,-11.313,-12.855,-2.827,5459.025659
Nicaragua,0.739,5.858,116.388,26.852,,,125.59,28.975,-9.202,-2.123,-4.162,-0.96,207.704,47.919,,,,6.496,7.293,,433.448,255.212,433.448,169.838,-1.977,12.62,1942.64,66721.19,26143.41,5384.31,25.035,19.177,234.634,239.402,2.931,3.682,11.748,36.894,5679.18,0.028,-0.883,3.197,-9.651,-2.558,2849.850579
Niger,-1.85,-13.448,1388.37,17.558,,,1810.49,22.896,-422.123,-5.338,-339.455,-4.293,3556.8,44.981,3244.48,41.031,,24.207,,,7907.39,105.733,7907.39,7478.62,3.623,13.758,568.348,326662.03,308949.14,1221.74,17.788,31.236,104.442,104.3,3.063,2.898,253.493,31.194,1288.64,0.024,27.484,3.181,63.026,-0.938,17233.63869
Nigeria,-16.976,-3.953,9750.8,6.321,,,18475.1,11.977,-8724.3,-5.656,-5463.4,-3.542,53195.37,34.486,52527.5,34.053,,206.14,#DIV/0!,,154252.32,217.869,154252.32,70800.54,-1.794,429.423,2083.16,748289.12,343458.55,4916.71,25.446,29.399,329.985,355.91,15.754,13.247,144.291,1069.04,5185.97,0.807,-19.306,-0.402,-14.927,-17.601,41175.37823
North Macedonia,-0.418,-3.443,189.77,28.931,,,243.636,37.144,-53.866,-8.212,-45.835,-6.988,340.302,51.881,335.257,51.112,,2.069,16.375,,655.931,148.52,655.931,441.645,-6.111,12.138,5867.16,317057.46,213478,15747.57,25.583,,114.757,115.87,2.25,1.2,19.088,34.363,16609.98,0.026,-10.903,-10.498,-10.897,-11.16,14669.63123
Norway,4.034,1.114,1857.84,54.476,-364.885,-11.54,1953.81,57.29,-95.972,-2.814,-165.496,-4.853,1596.14,46.802,-2733.7,-80.158,2.71,5.385,4.595,-2.059,3410.4,96.395,3410.4,3537.93,-0.717,362.198,67265.89,633364.45,657048.58,62387.43,31.424,30.305,121.817,112.9,1.438,1.287,9.625,354.327,65804.04,0.267,-11.936,-2.994,-1.225,4.442,34078.668
Oman,-8.66,-12.018,8.425,30.409,,,12.999,46.92,-4.575,-16.511,-3.792,-13.687,19.774,71.371,8.048,29.049,,4.445,,,27.705,98.835,27.705,28.032,-2.835,72.056,16209.53,6232.56,6306.06,29686.29,6.982,19,105.232,104.253,-0.904,-0.904,0.199,139.19,31312.04,0.105,-17.754,-9.14,-5.07,-0.079,2320.802179
Pakistan,-4.449,-1.486,6306.15,13.27,,,9649,20.304,-3342.85,-7.034,-722.846,-1.521,37821.05,79.587,34657.79,72.931,,218.24,7.6,,47521.53,137.48,47521.53,34566.05,-1.002,299.296,1371.41,217748.92,158385.51,5253.02,13.498,14.984,129.763,132.08,8.592,10.741,39.3,1209.2,5540.7,0.913,-13.359,-11.977,-2.057,-0.974,15116.0221
Palau,-0.124,-48.296,0.122,47.412,,,0.15,58.346,-0.028,-10.934,,,,,,,,0.017,,,0.258,104.105,0.258,0.248,-9.717,0.258,14784.41,14784.41,14201.45,13309.37,,40.584,103.659,103.505,0.554,0.681,1.053,0.245,14038.25,#DIV/0!,6.884,15.233,-42.922,-55.099,2304.333613
Panama,1.202,2.226,9.861,18.269,-3.8,-6.122,15.532,28.775,-5.671,-10.506,-4.413,-8.175,35.388,65.562,23.296,43.16,,4.279,18.548,,53.977,152.824,53.977,35.32,-17.945,53.977,12615.88,12615.88,8255.18,25605.04,26.286,24.059,103.229,102.951,-1.575,-1.55,0.467,115.551,27007.28,0.087,-29.858,-28.347,-26.84,-15.327,2069.712714
Papua New Guinea,5.166,20.945,12.093,14.171,,,19.398,22.73,-7.305,-8.559,-5.145,-6.028,39.633,46.442,,,,8.781,,,85.339,134.589,85.339,63.407,-3.511,24.665,2808.92,9718.8,7221.1,3599.73,,,758.67,767.751,5.141,4.872,2.56,33.34,3796.87,0.025,-4.971,-3.307,-17.203,-15.906,835.1012
Paraguay,0.96,2.711,44724.22,18.642,-15915.14,-6.49,61978.02,25.833,-17253.8,-7.192,-13864.63,-5.779,88526.34,36.899,77364.25,32.247,,7.253,7.708,,239914.73,116.086,239914.73,206669.73,-0.82,35.432,4885.4,33079495.37,28495666.97,12153.22,22.752,20.041,106.517,108.4,2.168,1.768,2580.55,92.97,12818.78,0.07,-15.191,-17.922,-5.137,-5.351,1488576.984
Peru,1.546,0.753,128.365,17.893,-45.919,-5.935,188.247,26.24,-59.882,-8.347,-49.77,-6.938,251.698,35.085,146.149,20.372,,33.494,13.9,,717.399,147.617,717.399,485.987,-11.018,205.233,6127.48,21418.86,14509.76,11262.11,20.02,19.266,134.175,135.318,1.973,1.827,1.803,397.869,11878.88,0.3,-11.077,-11.077,-13.734,-13.734,1638.3235
Philippines,11.578,3.203,3702.95,20.642,-681.094,-3.471,4731.37,26.375,-1028.42,-5.733,-701.754,-3.912,9269.84,51.675,,,,108.77,10.4,,17938.58,102.347,17938.58,17527.24,-9.573,361.489,3323.43,164922.17,161140.34,8012.89,20.586,17.383,104.825,107.2,3.276,2.393,19.513,919.293,8451.71,0.694,-23.505,-20.017,-16.898,-11.313,10408.6263
Poland,17.519,2.936,966.275,41.531,-154.323,-6.448,1132.36,48.669,-166.087,-7.138,-135.63,-5.829,1336.56,57.445,1054.49,45.322,,37.958,3.2,,2326.66,111.096,2326.66,2094.28,-2.549,596.633,15718.2,61295.33,55173.44,32448.5,20.185,17.248,182.531,180.991,2.4,3.4,1.791,1299.14,34225.52,0.981,-1.152,-1.152,0.133,0.133,5054.504976
Portugal,-2.44,-1.069,87.04,43.501,-1.949,-0.927,98.725,49.341,-11.685,-5.84,-6.152,-3.075,270.491,135.186,246.557,123.224,4.89,10.297,7.142,-4.905,200.088,107.202,200.088,186.645,-8.442,228.356,22176.75,19431.44,18125.93,32001.69,17.558,18.752,103.579,103.1,-0.29,-0.121,0.576,347.571,33754.24,0.262,-11.88,-10.269,-18.631,-11.369,2908.663114
Puerto Rico,,,21.463,20.81,,,22.031,21.361,-0.568,-0.551,1.593,1.545,51.763,50.188,,,0.966,3.159,8.9,,103.138,1114.52,103.138,9.254,-3.904,103.138,32645.4,32645.4,2929.09,33808.75,,11.511,118.906,119.202,-0.082,-0.497,0.915,112.663,35660.27,0.085,,,,,4365.111156
Qatar,-2.86,-1.98,187.818,35.73,,,182.399,34.699,5.419,1.031,17.64,3.356,381.7,72.614,,,,2.684,,,525.657,81.117,525.657,648.027,-3.558,144.411,53797.94,195824.49,241411.17,91541.24,39.612,,96.6,95.93,-3.374,-2.719,2.028,259.184,96554.44,0.196,-8.871,-22.304,-0.399,-1.618,18956.25294
Republic of Congo,-0.014,-0.133,1320.48,22.243,,,1393.42,23.472,-72.936,-1.229,6.812,0.115,6533.16,110.051,,,,4.682,,,5936.5,150.801,5936.5,3936.66,-8.149,10.329,2206.16,1268003.11,840847.96,4029.61,22.453,22.586,101.779,102.5,0.589,1.373,298.334,19.899,4250.28,0.015,-18.836,-6.941,-2.234,-2.234,57977.81532
Romania,-12.528,-5.021,305.296,28.831,-55.476,-5.12,409.139,38.637,-103.843,-9.806,-89.828,-8.483,525.685,49.643,425.665,40.198,,19.329,5.035,,1058.93,126.343,1058.93,838.135,-3.748,249.512,12908.81,54784.89,43361.99,28983.44,19.428,24.442,127.092,127.959,2.068,2.646,1.792,590.895,30570.7,0.446,-5.859,-2.097,-9.348,-7.614,4199.2175
Russia,36.03,2.429,37856.71,35.276,-4791.67,-4.376,42150.92,39.278,-4294.21,-4.001,-4032.46,-3.758,20623.13,19.217,,,,146.171,5.783,,107315.3,120.412,107315.3,89123.6,-2.7,1483.38,10148.24,734176.41,609721.49,26708.09,25.913,23.484,123.318,121.779,4.912,3.382,26.062,4117.75,28170.74,3.108,-11.89,-3.325,-4.044,-1.5,45162.342
Rwanda,-1.234,-11.945,2295.33,23.551,,,3211.17,32.949,-915.845,-9.397,-760.401,-7.802,6299.54,64.637,,,,12.665,,,9746,110.274,9746,8838,-3.357,10.332,815.824,769536.37,697841.42,2146.37,12.578,24.533,127.825,127.3,3.749,7.733,339.914,28.672,2263.92,0.022,2.784,2.784,-15.321,-15.321,40863.01684
Samoa,0.001,0.152,0.842,38.661,,,0.715,32.839,0.127,5.822,,,1.012,46.493,,,,0.198,,,2.177,107.39,2.177,2.028,-2.593,0.807,4067.82,10974.23,10219.04,5604.17,,,118.999,114.46,-3.282,1.486,1.857,1.173,5911.08,0.001,,,,,1284.47869
San Marino,0.058,3.732,0.292,21.586,,,0.8,59.178,-0.508,-37.592,-0.496,-36.64,1.055,78.039,,,,0.034,7.342,,1.352,117.835,1.352,1.148,-6.64,1.543,45640.98,39990.98,33938.13,56699.66,,18.051,112.718,113.267,0.215,0.215,0.669,2.022,59804.78,0.002,,,,,7167.732091
São Tomé and Príncipe,-0.049,-10.251,2.973,29.015,,,2.367,23.098,0.606,5.917,0.642,6.262,8.339,81.374,,,,0.218,#DIV/0!,,10.247,231.697,10.247,4.423,3.003,0.477,2189.68,47005.96,20287.66,4034.74,7.481,17.732,140.5,146.443,9.353,9.82,11.045,0.928,4255.7,0.001,-9.085,-6.608,-36.874,5.738,2121.103216
Saudi Arabia,-21.565,-3.066,778.632,29.52,,,1075.73,40.784,-297.102,-11.264,-346.645,-13.142,853.909,32.374,417.344,15.823,,35.013,7.4,,2637.63,104.146,2637.63,2532.62,-4.138,703.368,20088.52,75331.96,72332.9,44096.75,24.56,27.626,101.28,103.77,5.329,3.445,1.62,1628.53,46511.68,1.229,-16.139,-9.504,-13.449,-5.113,6785.499875
Senegal,-2.666,-10.867,2842.64,20.159,-903.11,,3745.75,26.564,-903.11,-6.405,-613.563,-4.351,9753.03,69.166,,,,16.744,,,14101,105.452,14101,13372,1.326,24.534,1465.24,842155.93,798617.77,3321.72,24.291,35.158,107.403,108.355,2.433,2.529,240.367,58.665,3503.63,0.044,13.075,7.15,-9.279,0.743,44878.69782
Serbia,-2.198,-4.122,2254.96,40.983,-331.867,-5.917,2653.44,48.225,-398.482,-7.242,-288.232,-5.238,3184.88,57.884,2977.58,54.116,,6.927,10.093,,5502.22,111.911,5502.22,4916.62,-0.945,53.335,7699.91,794348.28,709806.52,18193.8,20.075,24.196,200.01,197.585,1.255,1.575,41.393,132.925,19190.17,0.1,-2.064,0.269,-5.373,-2.822,37528.07036
Seychelles,-0.277,-23.01,7.543,35.662,,,11.217,53.035,-3.675,-17.373,-3.051,-14.427,18.845,89.097,17.03,80.515,,0.097,3,,21.151,104.728,21.151,20.196,-7.723,1.202,12362.32,217576.81,207753.34,27213.25,-0.627,22.383,113.18,116.411,3.784,1.203,7.58,2.79,28703.56,0.002,-25.439,-18.326,-23.522,17.637,12356.03173
Sierra Leone,-0.276,-6.791,7974.25,19.967,,,10274.34,25.726,-2300.09,-5.759,-1091.18,-2.732,30484.94,76.331,,,,7.977,,,39938.07,399.072,39938.07,10007.75,-1.969,4.059,508.812,5006662.54,1254577.64,1637.3,9.786,16.577,306.024,310.58,10.448,13.447,2899.12,13.776,1726.96,0.01,-15.346,-4.516,-40.377,-40.713,173090.1033
Singapore,58.139,16.838,85.617,17.852,-33.755,-6.859,113.719,23.711,-28.102,-5.859,,,729,152.001,,,3.655,5.686,3,,476.405,103.329,479.602,461.057,-4.143,345.286,60727.62,83788.42,81089.09,94505.64,39.292,22.454,99.818,100.469,0.024,-0.182,0.841,566.768,99681.18,0.428,-2.285,-1.942,-0.247,1.617,10861.92779
Slovak Republic,0.108,0.103,36.882,40.055,-1.922,-2.003,41.944,45.552,-5.062,-5.497,-4.12,-4.474,55.01,59.742,45.708,49.64,2.399,5.458,6.65,-4.021,92.079,107.802,92.079,85.415,-4.359,105.088,19254.45,16870.9,15649.87,31344.62,18.961,18.859,108.462,108.97,1.594,2.01,0.51,180.444,33061.19,0.136,-8.405,-6.848,-7.39,-5.784,2668.927386
Slovenia,3.952,7.38,20.413,43.509,-3.067,-6.352,24.079,51.322,-3.666,-7.813,-3.014,-6.424,37.423,79.762,23.202,49.453,1.04,2.096,5.008,-2.847,46.918,113.165,46.918,41.46,-4.23,53.547,25548.77,22386.03,19781.7,37333.29,27.378,19.998,104.758,104.28,-1.1,-0.052,0.568,82.53,39377.83,0.062,-9.579,-8.578,-8.663,-5.461,3303.340795
Solomon Islands,-0.025,-1.621,4.218,33.224,,,4.526,35.647,-0.308,-2.423,-0.283,-2.228,1.666,13.119,0.275,2.162,,0.685,,,12.697,119.604,12.697,10.616,-4.32,1.546,2258.2,18547.54,15507.53,2226.65,6.277,7.898,108.283,104.2,-2.526,2.964,7.897,1.608,2348.59,0.001,-21.052,-13.182,-28.449,-18.939,1058.588821
Somalia,-0.752,-10.801,0.497,7.134,,,0.472,6.78,0.025,0.355,0.026,0.38,,,,,,14.775,,,6.965,116.171,6.965,5.996,-0.348,6.965,471.407,471.407,405.786,1138.93,,,119.27,120.18,4.833,4.304,0.392,17.749,1201.3,0.013,,,,,141.9715862
South Africa,6.668,1.989,1387.35,25.128,-294.838,-4.832,1924.83,34.863,-537.472,-9.735,-310.58,-5.625,3833.13,69.427,3455.19,62.582,,59.622,29.175,,5521.08,129.008,5521.08,4279.65,-6.432,335.344,5624.5,92601.31,71779.66,12599.28,14.734,12.746,93.292,94.986,3.17,3.275,6.968,792.333,13289.27,0.598,-17.423,-17.423,-11.95,-11.95,5294.380429
South Sudan,-1.044,-15.556,294.876,26.49,,,220.058,19.769,74.818,6.721,94.3,8.471,413.571,37.153,,,,13.779,,,1113.17,7191.35,1113.17,15.479,-6.589,6.71,486.946,80786.46,1123.38,750.108,1.203,16.759,11724.98,15390.19,87.709,23.984,102.108,10.902,791.187,0.008,,,,,3694.624848
Spain,10.558,0.825,465.379,41.48,-64.432,-5.254,588.279,52.434,-122.9,-10.954,-99.759,-8.892,1345.78,119.951,1155.97,103.033,19.202,47.356,15.533,-8.512,1121.95,105.386,1121.95,1064.61,-10.823,1280.46,27039.18,23691.94,22481.04,36258.78,21.516,20.691,97,97.574,-0.532,-0.323,0.619,1811.09,38244.47,1.367,-15.193,-11.446,-20.151,-9.153,3591.751795
Sri Lanka,-1.083,-1.342,1373.31,9.172,,,3283.7,21.931,-1910.4,-12.759,-930.093,-6.212,15158.26,101.237,,,,21.919,5.5,,14972.99,157.104,14972.99,9530.61,-3.569,80.677,3680.67,683105.71,434810.21,12536.94,24.044,25.384,135.367,138,4.23,4.557,51.658,289.846,13223.52,0.219,-20.508,-20.508,-29.591,-29.591,31704.05524
St. Kitts and Nevis,-0.078,-7.992,0.837,31.599,,,0.909,34.324,-0.072,-2.725,-0.04,-1.5,1.506,56.846,,,,0.057,,,2.649,125.278,2.649,2.115,-13.969,0.981,17179.48,46384.6,37025.25,22753.73,22.008,30,105.261,104.6,-1.179,-0.589,1.933,1.371,23999.82,0.001,-23.232,-11.111,-34.146,-15.145,3993.406108
St. Lucia,-0.237,-14.687,0.944,21.107,,,1.426,31.89,-0.482,-10.784,-0.317,-7.095,4.27,95.458,,,,0.181,,,4.365,98.384,4.473,4.437,-20.374,1.617,8934.7,24123.69,24520.01,12227.02,8.741,23.427,115.618,116.587,-0.367,-1.755,1.871,2.334,12896.63,0.002,-25.545,-9.651,-60.106,-33.345,2244.714514
St. Vincent and the Grenadines,-0.136,-15.591,0.669,28.432,,,0.794,33.717,-0.124,-5.286,-0.083,-3.536,1.866,79.245,1.801,76.5,,0.111,,,2.355,103.735,2.355,2.27,-5.313,0.872,7878.67,21272.4,20506.4,12735.53,10.922,26.513,110.758,110.2,-0.988,-0.606,1.584,1.487,13432.99,0.001,-8.749,-1.06,-42.846,25.618,1958.037872
Sudan,-6.004,-17.463,249.332,4.823,,,556.046,10.755,-306.715,-5.933,-305.378,-5.907,13977.99,270.371,,,,44.345,26.83,,5169.93,24699.1,5169.93,20.932,-3.63,34.381,775.297,116583.07,472.014,3972.72,-7.463,,5083.45,8639.5,269.334,163.258,27.822,185.82,4190.28,0.14,-0.094,-0.094,-13.916,-13.916,5132.728568
Suriname,0.261,9.059,7.066,18.423,-4.678,-10.831,12.197,31.802,-5.131,-13.378,-3.72,-9.699,56.649,147.703,,,,0.603,11.147,,38.353,254.123,38.353,15.092,-15.906,2.884,4786.83,63652.25,25047.83,15446.06,37.892,,189.7,230.5,60.739,34.89,3.907,9.817,16291.95,0.007,-17.979,-13.903,-10.947,-8.379,3239.013744
Sweden,32.887,6.073,2424.83,48.62,-63.645,-1.228,2565.43,51.44,-140.604,-2.819,-146.352,-2.935,1976.33,39.628,432.051,8.663,5.145,10.379,8.533,-3.776,4987.26,100,4987.26,4987.26,-2.944,541.487,52169.94,480501.23,480501.23,51571.89,30.844,24.771,107.632,107.72,0.409,0.658,8.833,564.594,54396.2,0.426,-5.32,-3.297,-4.82,-0.975,25973.20314
Switzerland,21.179,2.817,237.597,33.661,-16.368,-2.234,257.508,36.481,-19.912,-2.821,-19.437,-2.754,299.167,42.383,140.773,19.943,5.077,8.606,3.143,,705.86,99.168,705.86,711.781,-2.515,751.743,87351.03,82019.56,82707.48,69429.21,31.342,28.525,100.422,100.233,-0.837,-0.727,1.12,630.23,73231.46,0.476,-4.392,-1.682,-6.438,-3.064,9293.73614
Syria,#DIV/0!,#DIV/0!,#DIV/0!,#DIV/0!,,,#DIV/0!,#DIV/0!,#DIV/0!,#DIV/0!,#DIV/0!,#DIV/0!,#DIV/0!,#DIV/0!,#DIV/0!,#DIV/0!,,#DIV/0!,#DIV/0!,,#DIV/0!,#DIV/0!,#DIV/0!,#DIV/0!,#DIV/0!,#DIV/0!,#DIV/0!,#DIV/0!,#DIV/0!,,#DIV/0!,#DIV/0!,#DIV/0!,#DIV/0!,#DIV/0!,#DIV/0!,#DIV/0!,#DIV/0!,#DIV/0!,#DIV/0!,#DIV/0!,#DIV/0!,#DIV/0!,#DIV/0!,#DIV/0!
Taiwan Province of China,94.956,14.188,3036.13,15.335,-540.136,-2.694,3614.73,18.258,-578.597,-2.922,,,6453.92,32.598,6081.14,30.715,11.504,23.561,3.85,,19798.6,99.698,19798.6,19858.58,3.359,669.25,28404.72,840303.84,842849.59,53128.31,39.93,24.193,102.98,102.362,0.049,-0.181,14.995,1320.32,56037.84,0.997,-3.265,3.613,0.75,4.378,46362.684
Tajikistan,0.336,4.13,20.842,24.824,,,24.485,29.164,-3.643,-4.339,-2.868,-3.416,42.352,50.444,,,,9.475,#DIV/0!,,83.958,26994.92,83.958,0.311,4.39,8.134,858.445,8860.8,32.824,3677.77,20.842,16.713,1659.01,1187.84,9.427,8.58,2.284,36.756,3879.18,0.028,-2.941,-1.589,5.507,18.166,1287.489162
Tanzania,-1.169,-1.815,21638.6,14.569,,,25356.72,17.073,-3718.13,-2.503,-1304.11,-0.878,60192.86,40.528,,,,58.001,,,148522.11,115.048,148522.11,129095.85,4.806,64.403,1110.37,2560678.04,2225748.68,2773.72,39.092,39.883,367.525,365.505,3.154,3.289,875.261,169.689,2925.62,0.128,0.662,0.662,-0.915,-0.915,143884.1493
Thailand,21.178,4.233,3276.1,20.652,-312.787,-1.824,4023.77,25.365,-747.672,-4.713,-673.163,-4.244,7892.28,49.752,,,,69.8,2,,15653.88,152.772,15863.38,10246.54,-6.195,500.293,7167.52,224267.71,146798.54,17253.07,27.895,23.662,99.151,99.7,-0.27,-0.847,12.324,1270.22,18197.92,0.959,-14.139,-10.475,-19.682,-5.795,11780.4715
The Bahamas,-2.33,-23.519,2.087,18.466,,,2.902,25.677,-0.815,-7.21,-0.467,-4.134,8.484,75.07,,,,0.385,25.55,,9.908,102.504,11.301,9.666,-14.515,9.908,25734.16,25734.16,25105.58,31507.94,-2.908,20.611,108.07,108.75,1.163,0.039,0.774,12.795,33233.45,0.01,-24.173,-28.682,-68.074,-43.521,3727.606895
The Gambia,-0.058,-3.165,21.446,22.75,-9.938,,23.477,24.904,-2.031,-2.154,0.936,0.993,80.159,85.032,,,,2.419,,,94.269,152.925,94.269,61.644,-0.202,1.828,755.415,38964.3,25479.41,2156.02,16.851,20.017,546.453,561.967,5.665,5.931,17.134,5.502,2274.09,0.004,1.254,5.525,-58.021,-51.214,1877.784368
Timor-Leste,-0.308,-16.193,0.91,47.817,,,1.318,69.304,-0.409,-21.487,-0.407,-21.397,0.218,11.473,,,,1.318,,,1.595,107.744,1.902,1.481,-8.574,1.902,1442.73,1442.73,1600.71,3957.73,,18.202,101.333,101.9,1.192,0.488,0.346,5.504,4174.48,0.004,,,,,407.048625
Togo,-0.112,-1.476,707.963,16.238,,,1007.7,23.113,-299.738,-6.875,-199.649,-4.579,2628.13,60.28,,,,8.285,,,4359.85,103.768,4359.85,4201.54,1.758,7.586,915.625,526259.45,507149.92,2106.38,22.136,23.613,106.008,107.2,3.537,1.831,236.868,18.406,2221.74,0.014,6.17,7.269,-4.509,-2.011,28544.68322
Tonga,-0.019,-3.921,0.495,43.83,,,0.435,38.497,0.06,5.333,0.068,6.061,0.488,43.252,,,,0.1,,,1.129,109.112,1.129,1.035,0.655,0.494,4933.61,11269.26,10328.19,5934.07,,,100.208,98.4,-1.403,0.423,1.8,0.627,6259.05,#DIV/0!,-6.391,-2.437,-3.479,40.085,1152.948412
Trinidad and Tobago,-0.136,-0.637,33.843,22.767,,,51.048,34.341,-17.205,-11.574,-12.158,-8.179,88.11,59.273,13.418,9.027,,1.399,,,144.422,100.851,148.65,143.204,-7.374,21.393,15285.94,103196.19,102325.65,24768.68,15.232,,125.419,124.291,0.829,0.599,3.95,36.562,26125.12,0.028,-8.255,-8.141,-24.872,-23.509,7177.847263
Tunisia,-2.506,-5.897,30.444,25.471,-8.915,-6.976,41.268,34.526,-10.824,-9.055,-7.089,-5.931,99.06,82.877,,,,11.903,17.4,,119.526,136.422,119.526,87.615,-9.34,42.502,3570.64,10041.59,7360.67,10184.11,6.426,12.323,132.02,134.607,4.881,5.635,0.935,127.862,10741.84,0.097,-15.005,-15.042,-10.958,-10.958,1076.342
Turkey,-35.537,-4.936,1457.05,28.87,-176.422,-3.359,1714.01,33.962,-256.951,-5.091,-161.59,-3.202,1994.42,39.518,1555.89,30.829,,83.614,13.147,,5046.88,279.776,5046.88,1803.9,1.794,719.919,8610.03,60359.31,21574.17,28867.79,26.796,31.886,469.591,504.81,14.599,12.279,1.982,2545.94,30448.71,1.922,6.79,10.703,-14.694,-4.961,4111.214857
Turkmenistan,-1.758,-3.305,21.3,11.442,,,21.551,11.577,-0.251,-0.135,,,24.428,13.122,,,,6.061,,,186.153,173.947,186.153,107.017,-2.954,53.187,8775.33,30713.65,17656.89,15603.27,,,542.36,523.986,8.9,7.583,1.866,99.75,16457.78,0.075,8.187,5.005,-11.452,-10.921,2763.327091
Tuvalu,-0.004,-7.868,0.097,122.155,,,0.091,114.422,0.006,7.732,0.002,2.49,0.006,7.292,,,,0.011,,,0.08,118.715,0.08,0.067,1.006,0.055,5105.93,7395.36,6229.5,4739.16,,,167.62,167.563,0.081,1.57,1.479,0.054,4998.7,#DIV/0!,,,,,972.4484
Uganda,-3.488,-9.316,19699,13.944,,,30271.08,21.427,-10572.08,-7.483,-7393.88,-5.234,65566.41,46.411,,,,41.222,,,141274,112.112,141274,126012,-1.448,37.444,908.354,3427133.92,3056896.53,2440.92,18.463,27.779,110.58,111.443,2.458,2.758,1331.14,106.131,2574.6,0.08,-1.684,-2.927,-12.16,5.841,189135.9553
Ukraine,5.172,3.33,1675.39,39.968,-223.376,-5.149,1925.25,45.928,-249.86,-5.961,-127.663,-3.045,2557.06,61.001,,,,41.403,9.15,,4191.86,167.1,4191.86,2508.59,-3.8,155.3,3750.9,101244.4,60588.94,12511.24,10.846,7.515,90264859.78,93050297.99,4.992,2.74,7.672,546.376,13196.41,0.412,-3.54,-3.54,11.448,11.448,4588100.138
United Arab Emirates,21.103,5.88,367.865,27.912,,,436.308,33.105,-68.443,-5.193,-64.615,-4.903,532.431,40.399,,,,9.282,,,1317.95,92.887,1317.95,1418.88,-6.135,358.869,38661.18,141983.17,152856.35,67445.47,28.07,22.19,272.457,270.67,-2.074,-2.074,1.996,660.342,71139.08,0.498,-16.724,-11.173,-7.652,-7.607,12949.34327
United Kingdom,-69.013,-2.502,777.587,36.16,10.785,0.483,1051.99,48.921,-274.403,-12.761,-252.199,-11.728,2206.45,102.608,1939.35,90.186,32.529,67.081,4.525,-3.505,2150.38,105.091,2150.38,2046.21,-9.27,2758.87,41127.44,32056.48,30503.56,42975.53,14.192,16.693,108.736,109.171,0.589,0.851,0.707,3040.72,45329.05,2.295,-15.769,-13.258,-12.961,-14.139,4776.683909
United States,-616.095,-2.949,6436.15,30.804,-2244.68,-10.388,9464,45.296,-3027.84,-14.492,-2585.79,-12.376,28047.29,134.238,20618.95,98.685,147.806,331.234,8.092,-3.317,20893.75,113.647,20893.75,18384.7,-3.405,20893.75,63078.47,63078.47,55503.62,59803.38,19.158,21.152,258.838,262.202,1.549,1.249,1,20893.75,63078.47,15.77,-8.933,-5.639,-13.561,-10.162,10545.4453
Uruguay,-0.449,-0.839,632.874,28.124,-64.703,-2.758,737.921,32.793,-105.047,-4.668,-47.457,-2.109,1533.39,68.143,1303.34,57.919,,3.531,10.35,,2250.27,135.485,2250.27,1660.89,-6.115,53.561,15169.15,637304.17,470386.67,21200.62,16.585,17.423,216.725,222.13,9.413,9.756,28.5,78.957,22361.66,0.06,-12.71,-3.374,-19.065,-16.184,28035.60005
Uzbekistan,-3.007,-5.021,158713.56,26.356,,,173868.88,28.873,-15155.32,-2.517,-16592.61,-2.755,226432.42,37.601,,,,33.905,10.531,,602193,100,602193,602193,1.886,59.893,1766.47,17761080.79,17761080.79,7415.02,33.652,38.674,313.051,330.752,11.167,12.868,2270.92,265.176,7821.1,0.2,-12.844,-8.15,-20.029,-14.435,996750.4433
Vanuatu,0.025,2.487,43.471,42.011,,,45.514,43.985,-2.043,-1.975,-1.18,-1.141,51.107,49.39,,,,0.302,,,103.476,154.966,103.476,66.773,-5.402,0.994,3294.72,342980.63,221326.78,2543.07,,43.083,167.5,171.6,6.584,5.346,127.866,0.809,2682.34,0.001,,,,,17938.95516
Venezuela,-4.406,-9.325,,5.881,,,,10.929,,-5.048,,-4.975,,304.127,,,,27.951,#DIV/0!,,,,,,-30,47.255,1690.66,,,,#DIV/0!,#DIV/0!,89714263101,3.27768E+11,2959.84,2355.15,,144.698,5176.85,0.109,-0.024,5.916,-50.634,-49.087,18976444766
Vietnam,15.06,4.391,1476551,18.535,-316135.76,,1787950,22.444,-311399,-3.909,-204102,-2.562,3319351.01,41.668,,,,97.406,3.3,,7966121.55,159.726,7966121.55,4987353.63,2.944,342.941,3520.74,81782613.55,51201680.98,10331.25,36.485,32.11,282.118,282.726,0.187,3.222,7505.04,1061.44,10897.03,0.801,2.655,4.3,3.569,8.461,4094635.4
West Bank and Gaza,-1.903,-12.25,13.092,24.487,,,17.218,32.204,-4.126,-7.718,,,25.281,47.284,,,,5.101,25.925,,53.466,97.994,53.466,54.561,-11.318,15.532,3044.74,10481.24,10695.83,5087.06,,24.304,100.833,101.42,0.069,-0.711,1.953,27.371,5365.65,0.021,-14.171,-13.236,-11.199,-7.68,1008.908286
Yemen,-1.123,-5.963,915,6.537,,,1647,11.766,-732,-5.229,-449,-3.208,11782.03,84.169,11695.29,83.55,,30.245,,,13998.03,6629.28,13998.03,211.154,-8.5,18.84,622.897,462816.54,6981.4,1876.94,0.241,6.204,1510.56,1692.08,35,23.095,233.778,59.877,1979.73,0.045,-21.26,-23.725,12.258,-1.009,13787.44997
Zambia,2.181,12.041,67.437,20.299,,,113.227,34.081,-45.789,-13.783,-26.027,-7.834,465.812,140.211,458.771,138.091,,18.882,,,332.223,241.17,332.223,137.755,-2.785,18.111,959.148,17594.71,7295.57,3191.37,44.334,32.293,264.555,289.025,19.2,15.733,5.227,63.559,3366.14,0.048,-18.271,-18.271,9.177,9.177,911.7697692
Zimbabwe,1.096,4.736,183.039,15.416,,,173.965,14.652,9.074,0.764,12.203,1.028,1218.76,102.647,,,,15.189,,,1187.33,6646.35,1187.33,17.864,-5.297,23.146,1523.84,78168.86,1176.12,2045.23,,,1530.03,2397.64,348.586,557.21,36.236,32.767,2157.23,0.025,,2.866,,-26.286,3053.322606
