Date,California,Florida,Arizona,New York,Texas,Alabama,North Carolina,Illinois,Utah,Nevada,Kentucky,District of Columbia,Wisconsin,Connecticut,Pennsylvania,Alaska,Colorado,Missouri,Arizona,Washington,Louisiana,Georgia,New Mexico,Virginia,New Jersey,South Carolina,Oregon,Idaho,Ohio,Tennessee,Nebraska,Oklahoma,Indiana,Arkansas,Michigan,Massachusetts,Hawaii,Montana,Mississippi,New Hampshire,Maryland,Delaware,Vermont,Minnesota,Kansas,South Dakota,Maine,West Virginia,Wyoming,Iowa,Rhode Island,North Dakota,Year
01/01/1900,1490,530,124,7283,3055,1830,1897,4828,277,43,2148,278,2072,910,6313,.,543,3108,124,523,1384,2220,196,1858,1884,1342,415,163,4161,2023,1067,800,2518,1314,2423,2788,.,245,1553,412,1189,185,344,1754,1473,403,695,959,93,2231,430,321,1900
01/01/1901,1550,544,131,7449,3132,1907,1926,4914,284,45,2162,285,2109,931,6439,.,581,3128,131,583,1412,2263,206,1887,1889,1361,434,176,4216,2041,1078,916,2541,1341,2450,2794,.,261,1578,412,1200,187,347,1805,1490,418,699,972,100,2227,441,346,1901
01/01/1902,1623,565,138,7612,3210,1935,1956,4992,292,49,2177,290,2141,952,6567,.,621,3147,138,651,1440,2305,218,1894,1917,1379,454,199,4322,2060,1089,1027,2567,1360,2477,2856,.,270,1603,409,1210,188,349,1862,1505,431,703,1000,105,2222,450,371,1902
01/01/1903,1702,587,144,7771,3291,1957,1986,5071,299,52,2191,295,2171,972,6699,.,652,3166,144,719,1467,2346,229,1890,1969,1397,479,216,4386,2082,1104,1118,2594,1384,2505,2924,.,282,1628,394,1209,190,350,1901,1498,437,709,1037,108,2217,460,396,1903
01/01/1904,1792,599,151,7927,3374,1978,2017,5161,308,56,2205,302,2202,987,6833,.,659,3185,151,782,1495,2387,242,1889,2050,1415,504,229,4458,2086,1119,1200,2614,1419,2534,2969,.,293,1653,407,1217,192,353,1945,1527,452,719,1064,111,2212,471,421,1904
01/01/1905,1893,615,158,8084,3459,2012,2051,5241,316,59,2220,308,2231,1010,6970,.,680,3204,158,842,1523,2427,255,1917,2151,1433,530,246,4530,2111,1129,1277,2635,1447,2579,3018,.,305,1678,423,1237,194,354,1981,1555,461,723,1094,114,2211,481,446,1905
01/01/1906,1976,628,167,8289,3546,2045,2077,5309,327,64,2234,313,2250,1033,7110,.,707,3223,167,904,1551,2466,269,1942,2239,1451,555,262,4587,2136,1138,1349,2663,1465,2626,3107,.,322,1703,415,1251,196,355,1987,1576,477,729,1122,118,2214,492,474,1906
01/01/1907,2054,645,176,8499,3636,2058,2105,5384,339,68,2249,317,2268,1057,7253,.,733,3242,176,967,1579,2505,283,1952,2314,1468,580,277,4630,2136,1149,1414,2679,1484,2693,3183,.,332,1728,423,1257,197,355,1995,1612,498,731,1149,125,2217,505,501,1907
01/01/1908,2161,684,186,8714,3727,2070,2142,5474,351,73,2263,321,2292,1077,7398,.,757,3260,186,1028,1607,2543,298,1994,2403,1485,610,291,4677,2164,1161,1498,2677,1513,2722,3251,.,346,1753,428,1269,199,354,2020,1629,527,735,1174,133,2220,519,528,1908
01/01/1909,2282,724,196,8935,3821,2108,2174,5567,363,78,2278,327,2317,1097,7546,.,775,3279,196,1091,1634,2580,314,2038,2487,1502,643,311,4701,2177,1177,1585,2678,1545,2771,3316,.,363,1777,431,1289,201,356,2051,1658,553,740,1203,141,2223,532,555,1909
01/01/1910,2406,756,206,9137,3922,2150,2221,5668,377,82,2299,334,2345,1122,7706,.,804,3301,206,1148,1667,2618,329,2071,2550,1523,677,329,4786,2191,1198,1671,2713,1583,2832,3365,.,380,1802,431,1302,203,357,2086,1692,590,745,1231,147,2228,545,580,1910
01/01/1911,2534,773,212,9249,4016,2185,2276,5757,387,81,2324,344,2369,1149,7850,.,821,3317,212,1167,1695,2644,334,2092,2610,1548,692,343,4821,2197,1216,1714,2751,1610,2916,3383,.,397,1810,432,1324,207,358,2119,1684,602,751,1266,150,2249,556,584,1911
01/01/1912,2668,801,217,9361,4107,2217,2313,5828,399,81,2347,340,2407,1176,7986,.,832,3344,217,1184,1709,2676,338,2122,2670,1572,706,359,4893,2218,1232,1737,2785,1636,2997,3440,.,414,1817,434,1345,209,359,2147,1671,592,753,1291,153,2279,567,603,1912
01/01/1913,2811,828,236,9473,4207,2279,2362,5961,410,82,2374,358,2438,1208,8139,.,835,3409,236,1209,1727,2733,344,2176,2729,1599,722,371,4997,2257,1246,1777,2824,1664,3101,3534,.,433,1827,439,1368,213,361,2190,1663,584,763,1317,157,2305,578,609,1913
01/01/1914,2934,871,253,9585,4300,2336,2421,6109,422,83,2395,368,2490,1233,8276,.,846,3467,253,1231,1740,2776,348,2241,2789,1622,736,384,5109,2289,1264,1824,2857,1688,3183,3636,.,452,1832,442,1389,216,362,2234,1662,581,772,1362,163,2338,589,620,1914
01/01/1915,3008,922,263,9700,4368,2345,2473,6194,430,82,2401,361,2535,1258,8362,.,868,3492,263,1239,1755,2810,351,2294,2850,1635,745,394,5251,2294,1272,1860,2873,1702,3263,3705,.,469,1826,443,1401,217,360,2273,1687,585,774,1387,167,2366,597,641,1915
01/01/1916,3071,924,282,9848,4444,2359,2513,6274,436,82,2411,360,2562,1294,8463,.,892,3527,282,1255,1799,2856,354,2316,2918,1650,756,405,5366,2304,1275,1907,2897,1719,3353,3726,.,487,1823,445,1415,219,360,2308,1727,595,775,1414,174,2376,598,652,1916
01/01/1917,3171,895,311,9993,4563,2361,2546,6313,444,81,2421,385,2587,1327,8578,.,910,3470,311,1287,1795,2885,361,2313,2976,1675,763,413,5510,2331,1285,1960,2910,1737,3451,3738,.,505,1820,447,1428,222,372,2329,1748,599,777,1439,186,2382,606,661,1917
01/01/1918,3262,865,320,9936,4666,2343,2522,6275,437,77,2425,418,2597,1329,8524,.,906,3325,320,1341,1746,2941,382,2359,3043,1746,763,405,5547,2288,1266,1969,2880,1749,3499,3695,.,501,1813,440,1467,220,352,2291,1729,570,760,1438,181,2351,604,636,1918
01/01/1919,3339,898,329,10252,4631,2337,2535,6392,446,77,2413,445,2600,1359,8643,.,938,3371,329,1333,1756,2870,362,2318,3136,1687,774,424,5683,2305,1290,2003,2906,1742,3591,3785,.,534,1790,443,1445,221,352,2346,1756,606,762,1464,191,2379,603,648,1919
01/01/1920,3554,962,340,10282,4723,2359,2588,6663,453,78,2421,440,2679,1391,8740,.,937,3404,340,1373,1813,2926,363,2347,3198,1685,788,433,5799,2329,1300,2055,2947,1756,3723,3882,.,543,1800,444,1464,219,353,2403,1769,640,771,1470,197,2400,613,646,1920
01/01/1921,3795,997,351,10416,4853,2402,2651,6858,457,80,2436,446,2722,1415,8900,.,961,3429,351,1405,1847,2965,370,2395,3297,1693,798,435,5921,2369,1309,2108,2976,1769,3872,3951,.,546,1823,449,1492,216,355,2434,1779,652,775,1485,203,2407,629,646,1921
01/01/1922,3991,1044,360,10589,4955,2434,2700,6958,467,81,2450,450,2761,1431,8982,.,965,3437,360,1415,1871,2965,375,2412,3380,1692,814,436,6054,2424,1312,2140,2965,1772,3942,4010,.,543,1836,451,1509,214,354,2451,1799,660,778,1498,208,2428,644,647,1922
01/01/1923,4270,1097,371,10752,5077,2464,2761,7068,474,82,2480,453,2803,1455,9148,.,984,3454,371,1433,1903,2954,382,2423,3472,1699,833,436,6183,2463,1321,2159,3042,1784,4063,4057,.,538,1858,453,1521,215,354,2487,1808,669,781,1526,211,2425,656,648,1923
01/01/1924,4541,1160,382,10953,5210,2501,2830,7215,481,84,2531,456,2833,1481,9383,.,1014,3508,382,1467,1939,2920,390,2426,3573,1710,856,434,6319,2502,1333,2179,3086,1800,4214,4102,.,538,1886,457,1537,219,355,2521,1807,673,788,1577,215,2420,669,642,1924
01/01/1925,4730,1264,393,11186,5332,2534,2895,7306,487,85,2520,461,2863,1506,9478,.,1019,3526,393,1494,1972,2883,396,2423,3664,1718,883,436,6434,2531,1343,2216,3119,1812,4331,4154,.,535,1910,459,1556,222,355,2540,1825,682,792,1593,216,2427,680,643,1925
01/01/1926,4929,1368,403,11257,5453,2567,2959,7395,494,87,2545,469,2892,1531,9594,.,1016,3556,403,1516,2005,2869,403,2419,3758,1726,905,441,6504,2553,1353,2256,3148,1826,4451,4194,.,531,1935,463,1576,225,356,2560,1836,683,793,1623,217,2432,681,651,1926
01/01/1927,5147,1418,414,11174,5577,2609,3027,7519,500,88,2551,476,2916,1557,9745,.,1028,3576,414,1538,2039,2891,410,2433,3891,1736,925,447,6577,2608,1365,2306,3191,1840,4589,4223,.,527,1962,466,1599,229,357,2588,1836,682,796,1671,219,2441,677,657,1927
01/01/1928,5344,1433,422,11599,5675,2640,3082,7576,504,89,2567,479,2923,1577,9802,.,1014,3601,422,1551,2064,2903,416,2435,3968,1739,936,449,6608,2624,1371,2344,3212,1847,4665,4217,.,541,1981,468,1610,233,358,2592,1850,685,797,1696,220,2450,678,665,1928
01/01/1929,5531,1445,430,12171,5762,2644,3133,7606,508,90,2606,483,2934,1594,9723,.,1008,3622,430,1555,2086,2903,420,2425,3989,1739,947,447,6626,2604,1375,2372,3226,1852,4795,4229,.,524,1998,467,1621,236,359,2572,1867,690,797,1717,223,2460,684,674,1929
01/01/1930,5711,1471,434,12647,5844,2647,3167,7644,509,92,2623,488,2950,1613,9649,.,1040,3646,434,1568,2105,2910,427,2427,4068,1745,956,447,6662,2619,1380,2401,3242,1859,4834,4250,.,539,2006,466,1636,239,360,2576,1883,693,800,1733,226,2475,686,682,1930
01/01/1931,5824,1493,429,12848,5907,2649,3184,7687,513,94,2652,504,2990,1628,9707,.,1056,3711,429,1581,2124,2924,436,2445,4120,1753,966,454,6694,2657,1384,2403,3257,1848,4798,4248,.,540,1994,470,1657,242,359,2614,1881,694,807,1740,229,2482,681,680,1931
01/01/1932,5894,1521,426,13001,5961,2653,3227,7736,517,96,2676,513,3021,1637,9764,.,1066,3746,426,1584,2155,2935,441,2452,4120,1748,972,459,6717,2711,1386,2394,3281,1836,4780,4259,.,540,2004,474,1678,245,358,2646,1883,692,815,1747,230,2489,677,676,1932
01/01/1933,5963,1552,426,13126,6014,2661,3268,7768,520,96,2698,529,3040,1642,9784,.,1071,3773,426,1592,2178,2950,449,2460,4107,1752,978,464,6740,2747,1385,2392,3304,1854,4780,4282,.,541,2031,477,1694,248,357,2673,1877,690,821,1752,230,2495,675,674,1933
01/01/1934,6060,1585,428,13253,6053,2685,3304,7772,522,98,2722,568,3054,1650,9795,.,1075,3784,428,1610,2202,2964,461,2485,4089,1760,985,473,6751,2784,1382,2391,3319,1878,4798,4305,.,545,2050,480,1710,250,357,2695,1868,682,829,1771,233,2510,675,672,1934
01/01/1935,6175,1613,434,13375,6123,2719,3323,7797,526,100,2748,608,3070,1666,9774,.,1078,3798,434,1629,2228,2955,475,2520,4085,1769,1001,481,6787,2798,1375,2386,3332,1890,4838,4343,.,550,2061,481,1729,252,357,2717,1872,674,836,1794,237,2524,678,670,1935
01/01/1936,6341,1651,443,13481,6192,2743,3346,7840,527,101,2768,629,3082,1672,9767,.,1090,3801,443,1653,2246,2978,489,2552,4084,1781,1025,495,6801,2791,1358,2365,3348,1892,4889,4355,.,554,2072,481,1745,253,357,2734,1869,666,840,1808,240,2509,686,664,1936
01/01/1937,6528,1709,453,13511,6250,2762,3385,7857,529,103,2784,616,3088,1678,9790,.,1104,3794,453,1681,2257,3037,503,2590,4088,1802,1048,507,6809,2795,1339,2334,3374,1903,4968,4358,.,554,2086,481,1754,254,356,2746,1856,656,842,1813,243,2498,694,655,1937
01/01/1938,6656,1771,466,13512,6301,2787,3440,7866,535,105,2800,638,3098,1684,9952,.,1112,3781,466,1698,2285,3091,513,2638,4100,1834,1067,513,6837,2821,1326,2324,3386,1928,5056,4365,.,552,2127,485,1766,257,356,2753,1842,649,843,1828,246,2494,694,647,1938
01/01/1939,6785,1836,484,13523,6360,2814,3514,7890,543,107,2825,658,3121,1696,9901,.,1120,3783,484,1715,2334,3120,523,2670,4129,1872,1081,521,6886,2874,1318,2333,3403,1948,5156,4347,.,555,2168,490,1793,263,358,2771,1824,645,846,1868,248,2520,701,644,1939
01/01/1940,6950,1915,499,13456,6425,2845,3574,7905,552,113,2859,690,3143,1708,9896,.,1130,3786,499,1740,2370,3119,531,2720,4175,1902,1086,522,6929,2935,1316,2325,3433,1955,5315,4318,.,558,2176,492,1839,269,363,2790,1788,641,849,1907,250,2537,719,640,1940
01/01/1941,7237,2017,490,13267,6585,2902,3589,7995,551,120,2824,764,3140,1746,9911,.,1124,3811,490,1789,2484,3179,506,2855,4254,1962,1071,501,6958,2973,1272,2262,3483,1969,5472,4389,.,543,2184,490,1913,275,348,2718,1765,613,852,1885,247,2491,731,615,1941
01/01/1942,7735,2151,524,13002,6711,2941,3569,8057,575,137,2797,851,3053,1792,9704,.,1113,3829,524,1901,2546,3209,502,3038,4297,2007,1107,478,6969,2939,1239,2215,3507,1977,5549,4370,.,518,2210,481,1998,279,343,2662,1760,589,839,1831,251,2439,748,583,1942
01/01/1943,8506,2451,692,12807,7012,2902,3654,7761,631,151,2693,900,3014,1792,9444,.,1153,3705,692,2027,2565,3245,534,3130,4226,1967,1221,500,6868,2972,1241,2205,3449,1843,5405,4257,.,485,2280,462,2089,282,327,2577,1796,587,806,1741,247,2334,760,546,1943
01/01/1944,8945,2420,610,12628,6876,2802,3560,7719,605,153,2631,881,2980,1778,9214,.,1137,3560,610,2092,2508,3176,527,3248,4158,1943,1233,529,6918,2868,1216,2043,3440,1768,5467,4192,.,469,2167,456,2118,285,314,2526,1779,565,801,1706,242,2301,795,534,1944
01/01/1945,9344,2465,594,12495,6826,2775,3533,7601,591,149,2597,876,2961,1769,9143,.,1116,3516,594,2206,2429,3119,537,3193,4108,1934,1250,507,6916,2878,1211,2028,3427,1762,5475,4201,.,477,2090,459,2096,286,315,2537,1731,579,800,1708,239,2308,776,546,1945
01/01/1946,9559,2440,616,13398,7197,2911,3706,8155,638,143,2761,899,3167,1906,9866,.,1203,3746,616,2288,2556,3242,561,3212,4492,1936,1338,509,7512,3074,1256,2128,3702,1797,5874,4494,.,514,2064,494,2214,299,342,2734,1805,588,832,1826,254,2467,770,570,1946
01/01/1947,9832,2528,653,13982,7388,2942,3769,8341,636,149,2803,888,3250,1967,10196,.,1237,3845,653,2211,2579,3272,582,3201,4618,1992,1361,522,7705,3166,1265,2133,3779,1836,6076,4580,.,531,2107,507,2248,305,354,2796,1853,601,854,1883,258,2509,776,578,1947
01/01/1948,10064,2578,690,14497,7626,2969,3837,8552,653,156,2817,840,3314,2014,10287,.,1263,3844,690,2255,2596,3259,604,3207,4774,1996,1405,551,7876,3216,1265,2089,3877,1825,6213,4674,.,542,2076,520,2271,312,359,2868,1892,612,878,1899,269,2543,787,580,1948
01/01/1949,10337,2668,714,14892,7623,3000,3911,8670,671,157,2849,807,3391,2032,10390,.,1295,3882,714,2294,2634,3325,644,3292,4889,2029,1431,570,7973,3236,1302,2105,3958,1844,6332,4741,.,569,2085,533,2329,316,369,2935,1925,631,903,1930,277,2578,801,597,1949
01/01/1950,10677,2810,756,14865,7776,3058,4068,8738,696,162,2936,806,3438,2016,10507,135,1325,3964,756,2387,2697,3458,689,3315,4872,2113,1532,590,7980,3315,1327,2229,3967,1908,6407,4686,498,593,2176,532,2355,321,379,2997,1916,655,917,2006,290,2625,786,619,1950
01/01/1951,11134,2980,785,14890,8111,3059,4120,8790,706,168,2941,808,3439,2028,10461,158,1326,4015,785,2424,2769,3531,717,3434,5006,2167,1556,589,8061,3372,1316,2210,4096,1901,6497,4654,514,596,2163,529,2441,331,378,3010,1950,655,916,1984,291,2617,784,604,1951
01/01/1952,11635,3157,842,15192,8314,3068,4109,8956,724,181,2920,805,3469,2081,10503,189,1365,3972,842,2448,2842,3584,735,3504,5125,2178,1582,587,8275,3352,1311,2219,4148,1838,6650,4650,517,602,2152,535,2500,341,375,3030,1977,651,915,1957,293,2626,802,608,1952
01/01/1953,12251,3310,894,15527,8336,3053,4120,9065,739,195,2903,810,3506,2168,10662,205,1431,4020,894,2466,2866,3558,756,3557,5229,2181,1601,596,8591,3319,1318,2182,4182,1780,6822,4806,510,616,2105,547,2567,351,379,3050,1994,648,913,1929,290,2629,815,609,1953
01/01/1954,12746,3505,933,15814,8382,3014,4131,9252,750,213,2902,791,3608,2249,10817,215,1493,4066,933,2516,2883,3602,763,3555,5360,2176,1626,600,8873,3359,1340,2209,4264,1734,7066,4910,505,624,2064,554,2685,368,377,3113,2042,655,927,1905,293,2626,816,611,1954
01/01/1955,13133,3747,987,15966,8660,3050,4242,9435,783,237,2910,785,3679,2300,10939,222,1546,4134,987,2604,2946,3636,785,3588,5502,2200,1659,618,9017,3415,1374,2250,4363,1725,7285,4882,539,636,2060,557,2742,389,375,3172,2093,663,934,1880,307,2679,823,615,1955
01/01/1956,13713,4047,1053,16112,8830,3071,4309,9530,809,250,2898,759,3742,2316,10972,224,1625,4163,1053,2668,3032,3701,806,3722,5615,2229,1698,628,9207,3415,1397,2273,4458,1704,7467,4891,559,656,2086,566,2811,408,377,3240,2119,670,938,1857,312,2703,840,613,1956
01/01/1957,14264,4372,1125,16374,9070,3109,4368,9668,826,260,2928,763,3791,2359,10954,231,1664,4189,1125,2724,3115,3766,847,3844,5737,2274,1712,642,9410,3434,1394,2282,4529,1733,7569,4929,584,667,2088,572,2873,426,376,3274,2128,666,943,1843,314,2716,851,612,1957
01/01/1958,14880,4630,1193,16601,9252,3163,4376,9886,845,269,2961,757,3843,2446,11058,224,1667,4186,1193,2773,3155,3804,886,3914,5890,2304,1718,646,9599,3471,1383,2267,4583,1726,7667,5010,605,666,2086,581,2982,433,380,3313,2142,656,944,1845,315,2708,858,606,1958
01/01/1959,15467,4808,1261,16685,9405,3204,4458,9986,870,279,2999,761,3891,2523,11234,224,1710,4258,1261,2821,3208,3868,919,3951,6015,2348,1746,657,9671,3522,1397,2289,4613,1756,7767,5117,622,669,2138,596,3066,441,387,3366,2160,667,957,1855,320,2729,857,618,1959
01/01/1960,15870,5004,1321,16838,9624,3274,4573,10086,900,291,3041,765,3962,2544,11329,229,1769,4326,1321,2855,3260,3956,954,3986,6103,2392,1772,671,9734,3575,1417,2336,4674,1789,7834,5160,642,679,2182,609,3113,449,389,3425,2183,683,975,1853,331,2756,855,634,1960
01/01/1961,16497,5243,1407,17061,9820,3316,4663,10130,936,315,3054,778,4009,2586,11392,238,1844,4349,1407,2882,3287,4015,965,4095,6265,2409,1787,684,9854,3622,1446,2380,4730,1806,7893,5219,659,696,2206,618,3176,461,390,3470,2215,693,995,1828,337,2756,858,641,1961
01/01/1962,17072,5458,1471,17301,10053,3323,4707,10280,958,352,3079,788,4049,2647,11355,246,1899,4357,1471,2942,3345,4086,979,4180,6376,2423,1818,692,9929,3673,1464,2427,4736,1853,7933,5263,684,698,2243,632,3263,469,393,3513,2231,705,994,1809,333,2750,871,637,1962
01/01/1963,17668,5628,1521,17461,10159,3358,4742,10402,974,397,3096,798,4112,2727,11424,256,1936,4392,1521,2955,3377,4172,989,4276,6531,2460,1853,683,9986,3718,1476,2439,4799,1875,8058,5344,682,703,2244,649,3386,483,397,3531,2217,708,993,1796,336,2747,876,644,1963
01/01/1964,18151,5781,1556,17589,10270,3395,4802,10580,978,426,3129,798,4165,2798,11519,263,1970,4442,1556,2961,3446,4258,1006,4357,6660,2475,1888,680,10080,3771,1482,2446,4856,1897,8187,5448,700,706,2241,663,3492,497,399,3558,2209,701,993,1797,339,2746,885,649,1964
01/01/1965,18585,5954,1584,17734,10378,3443,4863,10693,994,444,3140,797,4232,2857,11620,271,1985,4467,1584,2967,3496,4332,1012,4411,6767,2494,1937,686,10201,3798,1471,2440,4922,1894,8357,5502,704,706,2246,676,3600,507,404,3592,2206,692,997,1786,332,2742,893,649,1965
01/01/1966,18858,6104,1614,17843,10492,3464,4896,10836,1009,446,3147,791,4274,2903,11664,271,2007,4523,1614,3057,3550,4379,1007,4456,6851,2520,1969,689,10330,3822,1456,2454,4999,1899,8512,5535,710,707,2245,681,3695,516,413,3617,2200,683,999,1775,323,2762,899,647,1966
01/01/1967,19176,6242,1646,17935,10599,3458,4952,10947,1019,449,3172,791,4303,2935,11681,278,2053,4539,1646,3174,3581,4408,1000,4508,6928,2533,1979,688,10414,3859,1457,2489,5053,1901,8630,5594,723,701,2228,697,3757,525,423,3659,2197,671,1004,1769,322,2793,909,626,1967
01/01/1968,19394,6433,1682,18051,10819,3446,5004,10995,1029,464,3195,778,4345,2964,11741,285,2120,4568,1682,3270,3603,4482,994,4558,7005,2559,2004,695,10516,3878,1467,2503,5093,1902,8696,5618,734,700,2219,709,3815,534,430,3703,2216,669,994,1763,324,2803,922,621,1968
01/01/1969,19711,6641,1737,18105,11045,3440,5031,11039,1047,480,3198,762,4378,3000,11741,296,2166,4640,1737,3343,3619,4551,1011,4614,7095,2570,2062,707,10563,3897,1474,2535,5143,1913,8781,5650,750,694,2220,724,3868,540,437,3758,2236,668,992,1746,329,2805,932,621,1969
01/01/1970,19971.069,6791.418,1775.399,18241.391,11198.655,3444.354,5084.411,11110.285,1059.273,488.738,3220.711,756.668,4417.821,3032.217,11800.766,302.583,2209.596,4677.623,1775.399,3413.244,3644.637,4587.93,1017.055,4651.448,7171.112,2590.713,2091.533,713.015,10657.423,3926.018,1485.333,2559.463,5195.392,1923.322,8881.826,5689.17,769.913,694.409,2216.994,737.681,3923.897,548.104,444.732,3806.103,2249.071,666.257,993.722,1744.237,332.416,2825.368,949.723,617.792,1970
01/01/1971,20345.939,7158.304,1895.814,18357.982,11509.848,3497.076,5203.531,11202.397,1101.192,520.018,3298.053,749.781,4462.155,3060.938,11886.4,315.51,2303.524,4725.764,1895.814,3447.553,3710.487,4711.55,1053.737,4750.838,7281.107,2662.269,2151.022,738.753,10734.818,4013.608,1504.604,2618.601,5253.396,1972.312,8974.186,5737.58,801.644,710.814,2265.432,761.851,4018.324,564.708,454.318,3853.486,2246.6,671.297,1015.39,1770.657,340.285,2851.705,963.107,626.76,1971
01/01/1972,20585.469,7511.463,2008.291,18339.4,11759.148,3539.4,5301.15,11251.948,1135.449,546.789,3335.728,742.241,4502.412,3068.699,11908.233,324.464,2404.619,4758.78,2008.291,3447.885,3761.646,4809.49,1078.697,4824.472,7335.042,2719.197,2197.297,763.237,10746.993,4094.611,1519.013,2658.646,5302.435,2018.638,9028.944,5760.302,828.331,718.732,2307.117,781.107,4073.499,572.913,463.143,3869.747,2256.375,677.234,1034.292,1797.648,347.345,2860.287,974.79,631.119,1972
01/01/1973,20868.728,7913.696,2124.438,18177.063,12019.543,3579.78,5389.852,11251.367,1170.04,568.991,3371.024,731.488,4524.244,3067.814,11890.527,330.543,2495.868,4782.645,2124.438,3478.782,3788.375,4910.374,1105.529,4901.292,7333.083,2776.605,2241.932,782.074,10767.314,4147.401,1529.567,2695.931,5338.277,2059.256,9077.956,5781.172,851.595,726.798,2349.546,800.951,4097.974,577.759,468.43,3889.332,2265.603,678.715,1045.655,1806.36,354.061,2863.715,975.738,632.675,1973
01/01/1974,21173.865,8298.762,2223.196,18049.775,12268.629,3626.499,5470.911,11262.145,1200.471,596.822,3416.315,717.947,4545.782,3074.047,11870.884,341.063,2541.406,4795.93,2223.196,3549.946,3820.109,4999.419,1131.309,4971.069,7332.411,2844.749,2285.013,807.99,10765.759,4213.509,1539.191,2734.768,5361.89,2101.403,9117.507,5773.548,867.978,736.419,2378.268,815.914,4118.815,581.418,473.002,3903.925,2269.499,679.585,1059.04,1815.447,365.501,2867.53,950.615,634.559,1974
01/01/1975,21537.849,8518.422,2284.847,18003.485,12568.843,3678.814,5547.188,11291.743,1236.03,619.972,3467.769,706.871,4578.986,3082.5,11906.095,376.17,2586.192,4808.308,2284.847,3621.339,3886.104,5064.075,1159.944,5047.395,7337.765,2902.028,2329.661,831.982,10770.425,4275.566,1543.117,2774.683,5365.766,2159.526,9117.668,5757.756,886.16,748.208,2399.449,828.555,4139.096,586.589,479.713,3932.515,2280.578,681.042,1071.995,1842.25,381.695,2880.847,942.788,638.886,1975
01/01/1976,21935.909,8667.379,2346.157,17940.541,12904.089,3735.139,5607.964,11342.853,1274.928,646.975,3529.257,692.295,4595.904,3083.335,11897.378,400.969,2632.306,4839.029,2346.157,3693.61,3950.605,5132.812,1189.295,5121.863,7339.745,2943.657,2378.262,856.983,10752.662,4346.928,1550.911,2826.815,5389.088,2170.161,9129.205,5743.672,904.191,757.317,2429.756,845.248,4150.539,590.166,484.928,3964.68,2301.001,686.39,1088.412,1879.503,396.952,2903.082,946.089,645.797,1976
01/01/1977,22352.396,8856.183,2425.197,17812.602,13193.05,3780.403,5685.607,11386.316,1319.512,678.333,3573.693,677.228,4626.514,3085.722,11893.591,403.436,2696.14,4863.173,2425.197,3776.05,4014.459,5219.697,1215.72,5193.112,7337.169,2991.681,2446.673,883.469,10771.394,4422.921,1556.842,2870.014,5425.638,2209.01,9171.11,5738.199,918.259,769.953,2459.201,869.763,4169.595,591.829,491.931,3989.364,2320.647,688.48,1103.578,1908.088,413.354,2913.573,950.23,649.769,1977
01/01/1978,22835.958,9102.032,2515.316,17680.589,13500.429,3831.836,5759.492,11412.561,1367.51,719.436,3609.976,665.052,4646.108,3091.627,11879.396,404.766,2766.748,4889.399,2515.316,3889.073,4068.579,5295.751,1238.034,5270.24,7350.804,3044.364,2518.298,910.69,10795.581,4486.314,1563.884,2917.336,5470.214,2243.127,9217.761,5736.469,931.584,782.317,2487.816,891.52,4183.603,594.776,498.109,4015.341,2335.657,688.58,1113.566,1923.395,432.88,2918.069,951.816,651.301,1978
01/01/1979,23256.88,9426.159,2635.571,17583.838,13888.371,3866.248,5823.491,11396.837,1420.238,765.367,3641.804,650.016,4682.811,3095.917,11887.975,402.753,2849.234,4912.43,2635.571,4017.632,4137.665,5401.384,1284.722,5307.945,7366.512,3090.267,2588.012,932.627,10798.298,4560.473,1567.344,2975.31,5501.174,2271.333,9266.268,5738.404,953.306,787.305,2507.069,909.074,4191.16,594.984,505.372,4050.316,2350.906,688.335,1122.563,1942.146,454.378,2915.739,950.382,652.896,1979
01/01/1980,23800.8,9839.835,2737.774,17566.754,14338.208,3900.368,5898.98,11434.702,1472.595,810.215,3664.221,638.284,4712.045,3113.174,11868.305,405.315,2908.803,4921.966,2737.774,4154.678,4223.101,5486.174,1309.4,5368.334,7376.33,3134.502,2641.218,947.983,10800.65,4600.252,1572.296,3040.758,5490.721,2288.738,9255.553,5746.075,967.71,788.752,2525.342,924.25,4227.643,594.919,512.524,4085.017,2369.039,690.851,1126.86,1951.349,474.185,2914.018,948.773,654.38,1980
01/01/1981,24285.933,10192.774,2810.107,17567.734,14746.318,3918.531,5956.653,11443.458,1515.471,847.655,3670.394,636.893,4726.343,3128.836,11858.567,418.491,2977.898,4932.064,2810.107,4235.731,4283.303,5568.345,1332.748,5444.097,7407.472,3179.255,2667.982,962.204,10788.33,4627.658,1578.515,3096.164,5480.435,2293.201,9209.287,5768.685,978.195,795.328,2539.036,936.621,4261.905,595.975,515.594,4111.728,2384.849,689.584,1133.033,1954.124,491.712,2907.983,953.013,659.505,1981
01/01/1982,24820.009,10471.407,2889.861,17589.738,15331.415,3925.266,6019.101,11423.412,1558.314,881.537,3683.445,634.174,4728.87,3139.013,11845.146,449.606,3061.564,4929.451,2889.861,4276.552,4352.608,5649.792,1363.823,5492.783,7430.968,3207.614,2664.922,973.721,10757.087,4646.041,1581.78,3206.123,5467.922,2294.257,9115.198,5771.222,993.78,803.986,2556.777,947.719,4282.923,599.148,519.109,4131.45,2401.202,690.597,1136.684,1949.604,506.4,2888.189,954.17,668.972,1982
01/01/1983,25360.026,10749.851,2968.925,17686.905,15751.676,3934.102,6077.056,11408.818,1594.943,901.977,3694.484,632.433,4721.438,3162.354,11837.723,488.417,3133.63,4943.733,2968.925,4300.266,4395.316,5728.25,1394.361,5564.657,7467.785,3234.066,2653.066,981.869,10737.632,4659.749,1584.293,3290.402,5450.395,2305.761,9047.754,5799.407,1012.717,814.031,2567.717,958.134,4313.327,605.458,523.302,4141.456,2415.531,693.008,1144.772,1945.061,510.345,2870.543,956.382,676.688,1983
01/01/1984,25844.393,11039.925,3067.135,17745.684,16007.086,3951.82,6164.006,11412.132,1622.342,924.922,3695.453,633.382,4735.563,3180.014,11815.172,513.702,3169.992,4975.278,3067.135,4343.656,4400.477,5834.954,1416.717,5643.87,7515.473,3271.868,2666.588,990.839,10737.746,4686.737,1588.639,3285.533,5458.322,2319.768,9049.452,5840.773,1027.922,820.905,2578.051,976.864,4365.243,611.565,526.66,4157.706,2424.086,697.249,1155.635,1927.697,504.896,2858.618,961.894,680.497,1984
01/01/1985,26441.109,11351.118,3183.538,17791.672,16272.734,3972.523,6253.954,11399.806,1642.91,951.03,3694.826,634.549,4747.767,3201.131,11770.862,532.495,3208.723,5000.268,3183.538,4400.098,4408.118,5962.661,1438.361,5715.153,7565.528,3303.209,2672.652,994.051,10734.926,4715.296,1584.664,3271.332,5459.211,2327.046,9076.293,5880.733,1039.698,822.32,2588.102,996.753,4413.071,618.28,530.035,4184.302,2427.405,698.402,1162.936,1906.831,499.695,2829.684,968.955,676.98,1985
01/01/1986,27102.237,11667.505,3308.262,17833.419,16561.113,3991.569,6321.578,11387.257,1662.834,980.613,3687.809,638.269,4755.618,3223.74,11782.752,544.268,3237.45,5023.068,3308.262,4452.72,4406.919,6084.666,1462.729,5811.7,7622.159,3342.758,2683.528,990.224,10730.268,4738.708,1574.333,3252.735,5454.108,2331.984,9127.775,5902.678,1051.762,813.739,2593.597,1025.053,4486.957,627.559,534.066,4205.212,2432.619,696.034,1170.126,1882.35,495.633,2791.97,977.341,669.512,1986
01/01/1987,27777.158,11997.283,3437.103,17868.848,16621.791,4015.264,6403.7,11391.178,1678.119,1023.376,3683.329,636.93,4777.919,3247.291,11810.866,539.309,3260.48,5056.696,3437.103,4531.901,4344.148,6208.467,1478.52,5932.268,7670.742,3380.506,2700.991,984.997,10760.09,4782.927,1566.547,3210.122,5473.012,2342.355,9187.481,5935.204,1067.918,805.063,2588.545,1054.289,4565.557,636.947,540.267,4235.136,2445.367,696.036,1184.574,1857.585,476.965,2767.011,989.604,661.136,1987
01/01/1988,28464.249,12306.395,3535.183,17941.309,16667.022,4023.844,6480.594,11390.183,1689.372,1075.022,3679.999,630.432,4822.388,3271.953,11845.752,541.983,3262.281,5081.736,3535.183,4639.893,4288.863,6316.142,1490.337,6036.909,7712.333,3412.096,2741.297,985.664,10798.552,4822.437,1571.477,3167.057,5491.735,2342.656,9217.998,5979.982,1079.828,800.202,2580.352,1082.577,4657.904,647.622,549.763,4296.166,2461.996,698.165,1203.84,1830.215,465.101,2768.388,996.408,655.331,1988
01/01/1989,29218.164,12637.715,3622.185,17983.086,16806.735,4030.222,6565.459,11409.782,1705.864,1137.382,3677.306,624.168,4856.574,3283.403,11865.996,547.159,3275.818,5095.83,3622.185,4746.316,4252.894,6411.099,1503.901,6120.246,7726.089,3456.775,2790.575,994.416,10829.217,4854.444,1574.864,3150.307,5523.693,2346.358,9253.295,6015.478,1094.588,799.636,2574.269,1104.522,4727.301,658.273,557.707,4338.057,2472.849,696.701,1219.961,1806.568,458.374,2770.592,1000.666,646.351,1989
01/01/1990,29950.111,13018.365,3679.056,18002.855,17044.714,4048.508,6656.987,11446.979,1729.722,1218.629,3692.584,603.814,4902.265,3289.056,11895.604,553.12,3303.862,5126.37,3679.056,4900.78,4219.179,6506.531,1519.933,6213.526,7757.158,3499.064,2858.547,1011.882,10861.837,4890.626,1580.664,3147.105,5555.097,2354.343,9310.462,6018.664,1112.703,799.824,2577.426,1111.831,4797.431,669.063,564.526,4387.283,2480.683,696.667,1231.296,1792.481,453.401,2779.769,1004.649,637.364,1990
01/01/1991,30414.114,13289.497,3762.394,18029.532,17339.904,4091.025,6748.135,11535.973,1771.941,1285.046,3714.686,593.239,4952.675,3288.64,11943.16,569.273,3367.567,5157.77,3762.394,5013.443,4240.95,6621.279,1547.115,6283.853,7784.269,3559.47,2918.745,1038.915,10933.683,4946.886,1590.805,3166.471,5602.062,2370.666,9395.022,5998.652,1131.412,807.837,2591.23,1107.055,4856.176,680.495,567.141,4427.429,2495.209,701.445,1235.439,1798.212,457.739,2791.227,1003.99,634.199,1991
01/01/1992,30875.92,13504.775,3867.333,18082.032,17650.479,4139.269,6831.85,11635.197,1821.498,1330.694,3756.358,584.183,5004.636,3274.997,11980.819,587.073,3459.995,5193.686,3867.333,5139.011,4270.849,6759.474,1580.75,6383.315,7827.77,3600.576,2973.934,1066.49,11007.609,5013.999,1602.406,3204.174,5648.649,2394.098,9470.323,5993.474,1149.926,822.436,2610.193,1112.766,4902.545,690.158,570.115,4471.503,2526.042,708.698,1235.748,1805.462,463.491,2806.923,1000.571,635.427,1992
01/01/1993,31147.208,13713.593,3993.39,18140.894,17996.764,4193.114,6947.412,11725.984,1875.993,1380.197,3792.288,576.358,5055.318,3272.325,12022.128,596.993,3560.884,5237.757,3993.39,5247.704,4284.749,6894.092,1614.937,6464.795,7874.891,3634.507,3034.49,1101.204,11070.385,5085.666,1612.149,3228.829,5701.965,2423.743,9529.24,6010.884,1161.508,839.876,2635.574,1122.191,4942.504,699.475,574.004,4521.709,2547.605,716.258,1238.256,1816.179,469.033,2820.525,997.852,637.229,1993
01/01/1994,31317.179,13961.798,4147.561,18156.652,18338.319,4232.965,7060.959,11804.986,1930.436,1456.388,3823.215,564.982,5095.504,3268.346,12042.545,600.624,3653.91,5281.206,4147.561,5334.896,4306.5,7045.9,1653.329,6536.771,7918.796,3666.456,3087.142,1135.459,11111.451,5163.016,1621.551,3246.119,5745.626,2450.605,9584.481,6031.352,1173.903,854.923,2663.45,1133.054,4985.411,708.416,578.9,4566.028,2569.118,723.038,1237.687,1818.49,474.982,2829.422,993.412,639.762,1994
01/01/1995,31493.525,14185.403,4306.908,18150.928,18679.706,4262.731,7185.403,11884.935,1976.774,1525.777,3855.248,551.273,5137.004,3265.293,12044.78,601.345,3738.061,5324.61,4306.908,5431.024,4327.978,7188.538,1682.417,6601.392,7965.523,3699.943,3141.421,1165,11155.493,5241.168,1635.142,3265.547,5791.819,2480.121,9659.871,6062.335,1180.49,868.522,2690.788,1145.604,5023.65,718.265,582.827,4605.445,2586.942,728.251,1237.438,1820.56,478.447,2840.86,989.203,641.548,1995
01/01/1996,31780.829,14426.911,4432.308,18143.805,19006.24,4290.403,7307.658,11953.003,2022.253,1596.476,3881.051,538.273,5173.828,3267.03,12038.008,604.918,3812.716,5367.888,4432.308,5509.963,4338.763,7332.225,1706.151,6665.491,8009.624,3738.974,3195.087,1187.706,11187.032,5313.576,1647.657,3289.634,5834.908,2504.858,9739.184,6085.393,1184.434,876.656,2709.925,1160.768,5057.142,727.09,586.352,4647.723,2598.266,730.699,1241.436,1818.983,480.085,2848.473,987.858,642.858,1996
01/01/1997,32217.708,14683.35,4552.207,18143.184,19355.427,4320.281,7428.672,12011.509,2065.397,1675.581,3907.816,528.752,5200.235,3268.514,12015.888,608.846,3891.293,5407.113,4552.207,5604.105,4351.39,7486.094,1722.939,6732.878,8054.178,3790.066,3243.254,1210.638,11212.498,5378.433,1656.042,3314.259,5872.37,2524.007,9785.45,6115.476,1189.322,878.706,2731.826,1173.239,5092.914,735.024,588.665,4687.726,2616.339,730.855,1245.215,1815.588,480.031,2854.396,986.966,640.945,1997
01/01/1998,32682.794,14908.23,4667.277,18159.175,19712.389,4351.037,7545.828,12069.774,2100.562,1743.772,3934.31,521.426,5222.124,3272.563,12002.329,615.205,3968.967,5437.562,4667.277,5687.832,4362.758,7636.522,1733.535,6789.225,8095.542,3839.578,3282.055,1230.923,11237.752,5432.679,1660.772,3339.478,5907.617,2538.202,9820.231,6144.407,1190.472,879.533,2751.335,1185.823,5130.072,744.066,590.579,4726.411,2638.667,730.789,1247.554,1811.688,480.045,2861.025,987.704,637.808,1998
01/01/1999,33145.121,15111.244,4778.332,18196.601,20044.141,4369.862,7650.789,12128.37,2129.836,1809.253,3960.825,519,5250.446,3282.031,11994.016,619.5,4056.133,5468.338,4778.332,5756.361,4372.035,7788.24,1739.844,6872.912,8143.412,3885.736,3316.154,1251.7,11256.654,5483.535,1666.028,3358.044,5942.901,2551.373,9863.775,6175.169,1185.497,882.779,2768.619,1201.134,5171.634,753.538,593.74,4775.508,2654.052,733.133,1253.04,1806.928,479.602,2869.413,990.819,633.666,1999
01/01/2000,33987.977,16047.515,5160.586,19001.78,20944.499,4452.173,8081.614,12434.161,2244.502,2018.741,4049.021,572.046,5373.999,3411.777,12284.173,627.963,4326.921,5607.285,5160.586,5910.512,4471.885,8227.303,1821.204,7105.817,8430.621,4024.223,3429.708,1299.43,11363.543,5703.719,1713.82,3454.365,6091.866,2678.588,9952.45,6361.104,1213.519,903.773,2848.353,1239.882,5311.034,786.373,609.618,4933.692,2693.681,755.844,1277.072,1807.021,494.3,2929.067,1050.268,642.023,2000
01/01/2001,34479.458,16356.966,5273.477,19082.838,21319.622,4467.634,8210.122,12488.445,2283.715,2098.399,4068.132,574.504,5406.835,3432.835,12298.97,633.714,4425.687,5641.142,5273.477,5985.722,4477.875,8377.038,1831.69,7198.362,8492.671,4064.995,3467.937,1319.962,11387.404,5750.789,1719.836,3467.1,6127.76,2691.571,9991.12,6397.634,1225.948,906.961,2852.994,1255.517,5374.691,795.699,612.223,4982.796,2702.162,757.972,1285.692,1801.481,494.657,2931.997,1057.142,639.062,2001
01/01/2002,34871.843,16689.37,5396.255,19137.8,21690.325,4480.089,8326.201,12525.556,2324.815,2173.791,4089.875,573.158,5445.162,3458.749,12331.031,642.337,4490.406,5674.825,5396.255,6052.349,4497.267,8508.256,1855.309,7286.873,8552.643,4107.795,3513.424,1340.372,11407.889,5795.918,1728.292,3489.08,6155.967,2705.927,10015.71,6417.206,1239.613,911.667,2858.681,1269.089,5440.389,806.169,615.442,5018.935,2713.535,760.02,1295.96,1805.414,500.017,2934.234,1065.995,638.168,2002
01/01/2003,35253.159,17004.085,5510.364,19175.939,22030.931,4503.491,8422.501,12556.006,2360.137,2248.85,4117.17,568.502,5479.203,3484.336,12374.658,648.414,4528.732,5709.403,5510.364,6104.115,4521.042,8622.793,1877.574,7366.977,8601.402,4150.297,3547.376,1363.38,11434.788,5847.812,1738.643,3504.892,6196.638,2724.816,10041.152,6422.565,1251.154,919.63,2868.312,1279.84,5496.269,818.003,617.858,5053.572,2723.004,763.729,1306.513,1812.295,503.453,2941.999,1071.342,638.817,2003
01/01/2004,35574.576,17415.318,5652.404,19171.567,22394.023,4530.729,8553.152,12589.773,2401.58,2346.222,4146.101,567.754,5514.026,3496.094,12410.722,659.286,4575.013,5747.741,5652.404,6178.645,4552.238,8769.252,1903.808,7475.575,8634.561,4210.921,3569.463,1391.802,11452.251,5910.809,1749.37,3525.233,6233.007,2749.686,10055.315,6412.281,1273.569,930.009,2889.01,1290.121,5546.935,830.803,619.92,5087.713,2734.373,770.396,1313.688,1816.438,509.106,2953.635,1074.579,644.705,2004
01/01/2005,35827.943,17842.038,5839.077,19132.61,22778.123,4569.805,8705.407,12609.903,2457.719,2432.143,4182.742,567.136,5546.166,3506.956,12449.99,666.946,4631.888,5790.3,5839.077,6257.305,4576.628,8925.922,1932.274,7577.105,8651.974,4270.15,3613.202,1428.241,11463.32,5991.057,1761.497,3548.597,6278.616,2781.097,10051.137,6403.29,1292.729,940.102,2905.943,1298.492,5592.379,845.15,621.215,5119.598,2745.299,775.493,1318.787,1820.492,514.157,2964.454,1067.916,646.089,2005
01/01/2006,36021.202,18166.99,6029.141,19104.631,23359.58,4628.981,8917.27,12643.955,2525.507,2522.658,4219.239,570.681,5577.655,3517.46,12510.809,675.302,4720.423,5842.704,6029.141,6370.753,4302.665,9155.813,1962.137,7673.725,8661.679,4357.847,3670.883,1468.669,11481.213,6088.766,1772.693,3594.09,6332.669,2821.761,10036.081,6410.084,1309.731,952.692,2904.978,1308.389,5627.367,859.268,622.892,5163.555,2762.931,783.033,1323.619,1827.912,522.667,2982.644,1063.096,649.422,2006
01/01/2007,36250.311,18367.842,6167.681,19132.335,23831.983,4672.84,9118.037,12695.866,2597.746,2601.072,4256.672,574.404,5610.775,3527.27,12563.937,680.3,4803.868,5887.612,6167.681,6461.587,4375.581,9349.988,1990.07,7751,8677.885,4444.11,3722.417,1505.105,11500.468,6175.727,1783.44,3634.349,6379.599,2848.65,10001.284,6431.559,1315.675,964.706,2928.35,1312.54,5653.408,871.749,623.481,5207.203,2783.785,791.623,1327.04,1834.052,534.876,2999.212,1057.315,652.822,2007
01/01/2008,36604.337,18527.305,6280.362,19212.436,24309.039,4718.206,9309.449,12747.038,2663.029,2653.63,4289.878,580.236,5640.996,3545.579,12612.285,687.455,4889.73,5923.916,6280.362,6562.231,4435.586,9504.843,2010.662,7833.496,8711.09,4528.996,3768.748,1534.32,11515.391,6247.411,1796.378,3668.976,6424.806,2874.554,9946.889,6468.967,1332.213,976.415,2947.806,1315.906,5684.965,883.874,624.151,5247.018,2808.076,799.124,1330.509,1840.31,546.043,3016.734,1055.003,657.569,2008
01/01/2009,36961.229,18652.644,6343.154,19307.066,24801.761,4757.938,9449.566,12796.778,2723.421,2684.665,4317.074,592.228,5669.264,3561.807,12666.858,698.895,4972.195,5961.088,6343.154,6667.426,4491.648,9620.846,2036.802,7925.937,8755.602,4589.872,3808.6,1554.439,11528.896,6306.019,1812.683,3717.572,6459.325,2896.843,9901.591,6517.613,1346.717,983.982,2958.774,1316.102,5730.388,891.73,624.817,5281.203,2832.704,807.067,1329.59,1847.775,559.851,3032.87,1053.646,664.968,2009
01/01/2010,37319.55,18846.143,6407.342,19399.956,25241.897,4785.514,9574.586,12840.545,2775.413,2702.483,4348.464,605.282,5690.538,3579.173,12711.406,713.982,5047.539,5996.089,6407.342,6743.009,4544.635,9712.209,2064.614,8024.004,8799.451,4635.846,3837.614,1570.819,11539.449,6355.518,1829.591,3760.014,6490.555,2921.998,9877.597,6566.44,1364.004,990.73,2970.615,1316.807,5788.784,899.647,625.886,5310.934,2858.266,816.193,1327.651,1854.265,564.531,3050.819,1053.994,674.752,2010
01/01/2011,37636.311,19055.607,6473.416,19499.921,25645.504,4799.642,9658.913,12867.783,2814.797,2713.114,4370.817,620.29,5705.84,3588.632,12747.052,722.349,5121.9,6011.182,6473.416,6827.479,4576.244,9803.63,2080.707,8102.437,8828.552,4672.655,3872.672,1584.272,11545.735,6400.298,1840.914,3788.824,6517.25,2941.038,9883.053,6614.218,1379.562,997.518,2979.147,1320.444,5840.241,907.59,627.197,5346.62,2869.677,823.74,1328.473,1856.606,567.491,3066.772,1053.829,685.526,2011
01/01/2012,37944.551,19302.016,6556.344,19574.362,26084.12,4816.632,9751.81,12883.029,2854.146,2744.67,4387.865,635.737,5720.825,3595.211,12769.123,730.81,5193.66,6026.027,6556.344,6898.599,4602.067,9903.58,2087.715,8187.456,8845.671,4719.027,3900.102,1595.91,11550.971,6455.752,1853.691,3819.32,6538.989,2952.876,9898.289,6664.269,1395.199,1004.168,2984.599,1324.677,5888.375,915.518,626.361,5377.5,2886.024,833.859,1328.094,1857.446,576.656,3076.844,1054.893,702.227,2012
01/01/2013,38253.768,19551.678,6634.69,19626.488,26479.646,4831.586,9846.717,12895.778,2898.773,2776.956,4406.906,651.559,5738.012,3595.792,12779.538,737.626,5270.774,6042.989,6634.69,6966.252,4626.04,9975.592,2092.833,8255.861,8857.821,4766.469,3924.11,1612.053,11579.692,6496.943,1865.813,3853.891,6570.575,2960.459,9914.802,6715.158,1408.822,1014.158,2989.839,1327.272,5925.197,924.062,626.603,5414.722,2894.306,842.751,1328.543,1854.768,582.62,3093.935,1055.56,723.149,2013
01/01/2014,38586.706,19853.88,6732.873,19653.431,26963.092,4843.737,9937.295,12885.092,2938.327,2818.935,4416.992,663.603,5753.199,3595.697,12792.392,737.075,5352.637,6059.13,6732.873,7057.531,4645.938,10071.204,2090.236,8315.43,8867.277,4826.858,3965.447,1632.248,11606.573,6544.617,1879.955,3879.187,6596.019,2968.759,9932.033,6764.864,1415.335,1022.657,2991.892,1334.257,5960.064,933.131,625.693,5452.665,2901.861,849.67,1331.217,1850.569,583.159,3110.643,1056.511,738.736,2014
01/01/2015,38904.296,20219.111,6832.81,19657.321,27468.531,4854.803,10037.218,12859.585,2983.626,2868.531,4429.126,677.014,5762.927,3588.561,12789.838,738.43,5454.328,6075.411,6832.81,7167.287,4666.998,10183.353,2090.071,8367.303,8870.312,4896.006,4018.542,1652.495,11622.315,6595.354,1892.059,3910.518,6611.442,2979.732,9934.483,6797.484,1422.999,1031.495,2990.231,1337.48,5988.528,942.065,625.81,5484.002,2910.717,854.663,1329.098,1843.332,586.389,3122.541,1056.886,755.537,2015
01/01/2016,39149.186,20627.237,6944.767,19636.391,27914.064,4866.824,10161.802,12821.709,3044.241,2919.555,4440.306,687.576,5775.17,3579.83,12788.468,742.575,5543.844,6091.384,6944.767,7299.961,4681.346,10308.442,2092.555,8417.651,8873.584,4963.031,4093.271,1684.036,11640.06,6651.277,1906.483,3928.143,6637.898,2991.815,9954.117,6827.28,1428.885,1042.137,2990.595,1343.694,6007.014,949.989,624.366,5525.36,2912.977,863.693,1332.348,1832.435,585.243,3133.21,1057.816,756.114,2016
01/01/2017,39337.785,20977.089,7048.088,19593.849,28291.024,4877.989,10275.758,12779.893,3103.54,2972.097,4455.59,697.079,5793.147,3575.324,12794.679,740.983,5617.421,6111.382,7048.088,7427.951,4673.673,10417.031,2092.844,8471.011,8888.147,5027.102,4147.294,1719.745,11665.706,6714.748,1916.998,3933.602,6662.068,3003.855,9976.752,6863.56,1425.763,1053.862,2990.674,1350.395,6028.186,957.942,625.132,5569.283,2910.892,873.732,1335.743,1818.683,579.994,3143.734,1056.554,756.755,2017
01/01/2018,39437.463,21254.926,7164.228,19544.098,28624.564,4891.628,10391.358,12724.685,3155.153,3030.725,4464.273,704.147,5809.319,3574.561,12809.107,736.624,5697.155,6125.986,7164.228,7526.793,4664.45,10519.389,2093.754,8510.92,8891.73,5091.702,4183.538,1752.074,11680.892,6778.18,1925.512,3943.488,6698.481,3012.161,9987.286,6885.72,1423.102,1061.818,2982.879,1355.064,6042.153,966.985,624.802,5608.762,2912.748,879.386,1340.123,1805.953,579.054,3149.9,1059.338,760.062,2018
01/01/2019,39437.61,21492.056,7291.843,19463.131,28986.794,4907.965,10501.384,12667.017,3203.383,3090.771,4472.345,708.253,5824.581,3566.022,12798.883,733.603,5758.486,6140.475,7291.843,7614.024,4658.285,10628.02,2099.634,8556.642,8891.258,5157.702,4216.116,1789.06,11696.507,6830.325,1932.571,3960.676,6731.01,3020.985,9984.795,6894.883,1415.615,1070.123,2978.227,1360.783,6054.954,976.668,624.046,5640.053,2912.635,887.127,1345.77,1795.263,580.116,3159.596,1058.158,763.724,2019
01/01/2020,39499.738,21569.932,7177.986,20154.933,29217.653,5024.803,10457.177,12785.245,3281.684,3114.071,4503.958,690.093,5892.323,3600.26,12989.625,732.441,5784.308,6154.481,7177.986,7718.785,4651.203,10725.8,2117.566,8632.044,9279.743,5130.729,4241.544,1847.772,11790.587,6920.119,1961.455,3962.031,6785.644,3012.232,10067.664,7022.22,1451.911,1086.193,2956.87,1377.848,6172.679,991.886,642.495,5707.165,2935.88,887.099,1362.28,1789.798,577.267,3188.669,1096.229,778.962,2020
01/01/2021,39237.836,21781.128,7276.316,19835.913,29527.941,5039.877,10551.162,12671.469,3337.975,3143.991,4509.394,670.05,5895.908,3605.597,12964.056,732.673,5812.069,6168.187,7276.316,7738.692,4624.047,10799.566,2115.877,8642.274,9267.13,5190.705,4246.155,1900.923,11780.017,6975.218,1963.692,3986.639,6805.985,3025.891,10050.811,6984.723,1441.553,1104.271,2949.965,1388.992,6165.129,1003.384,645.57,5707.39,2934.582,895.376,1372.247,1782.959,578.803,3193.079,1095.61,774.948,2021
