Country,1980,1981,1982,1983,1984,1985,1986,1987,1988,1989,1990,1991,1992,1993,1994,1995,1996,1997,1998,1999,2000,2001,2002,2003,2004,2005,2006,2007,2008,2009,2010,2011,2012,2013,2014,2015,2016,2017,2018,2019,2020,2021,Q1 2021,Q2 2021,Q3 2021,Q4 2021,2022,Q1 2022,Q2 2022,Q3 2022,Q4 2022
"Afghanistan, Islamic Rep. of",,,,,,,,,,,,,,,,,,,,,,,,,,,,,,"3,895","5,145","6,305","7,114","7,075","7,326","6,839","7,403","8,211","8,293","8,560","9,727",,"9,411",,,,,,,,
Albania,,,,,,,,,,,,,,,,,,,,,,,,,,,,"2,145","2,359","2,371","2,542","2,471","2,601","2,774","2,661","3,136","3,105","3,593","3,892","3,774","4,838","5,632","4,753","4,664","4,869","5,632",,"5,453","5,099","4,935",
Algeria,,,,,,,,,,,,,,,,,,,,,,,,,,,,,,,,"192,359","201,250","202,240","186,722","150,900","121,208","105,967","88,334","72,637","60,416","57,740","55,568","55,226","56,541","57,740",,"58,730","59,961",,
"Andorra, Principality of",,,,,,,,,,,,,,,,,,,,,,,,,,,,,,,,,,,,,,,,0,51,,,,,,,,,,
Angola,,,,,,,,,,,,,,,,,,,,,,,,599,"1,380","3,197","8,178","11,197","17,506","12,879","18,441","27,164","32,155","32,213","27,735","24,419","24,353","18,228","16,170","17,211","14,879","15,508","14,964","15,098","16,255","15,508","14,550","14,386","14,094","13,580","14,550"
Anguilla,,,,,,,,,,,,,,,,,,,,,,,,,,,,,,,,,,41,47,48,56,76,66,59,53,56,,,,,,,,,
Antigua and Barbuda,,,,,,,,,,,,,,,,,,,,,,,,,,,,,,,,,,297,297,356,330,314,329,279,222,324,,,,,,,,,
Argentina,,,,,,,,,,,,"8,079","11,366","15,924","16,595","16,502","20,144","22,974","26,513","27,479","27,651","14,923","10,570","15,128","20,523","32,513","32,034","46,165","46,385","47,966","52,188","46,375","43,290","30,600","31,407","25,563","39,307","55,052","65,779","44,845","39,387","39,662","39,597","42,437","42,911","39,662",,"43,137","42,781","37,615",
"Armenia, Rep. of",,,,,,,,,,,,,,,,,,239,293,303,314,331,442,512,578,762,"1,072","1,657","1,407","2,004","1,866","1,932","1,799","2,252","1,489","1,775","2,204","2,314","2,259","2,850","2,616","3,230","3,009","3,114","3,191","3,230",,"2,940","3,450","3,739",
"Aruba, Kingdom of the Netherlands",,,,,,,,,,,,,,,,,,,248,246,236,324,378,342,344,331,408,465,701,701,724,712,787,666,693,828,937,922,995,999,"1,234","1,534",,,,,,,,,
Australia,,,,,,,,,,"17,028","19,328","19,338","13,848","14,188","14,308","14,949","17,402","17,094","15,377","21,956","18,817","18,664","21,567","33,258","36,927","43,257","55,080","26,908","32,922","41,743","42,268","46,825","49,222","52,801","53,893","49,267","55,070","68,828","57,489","60,032","45,884","61,596","48,331","48,715","60,493","61,596","63,583","61,172","59,585","59,312","63,583"
Austria,,,,,,,,,,,,,,,,,,,,,,,,,,"11,832","12,901","18,209","16,689","18,040","22,283","25,160","27,213","23,290","24,941","22,236","23,359","21,575","23,207","23,601","30,470","33,983","27,673","28,199","33,092","33,983",,"35,389","33,529","31,471",
"Azerbaijan, Rep. of",,,,,,,,,,,,,,,,,,,,676,951,725,721,803,"1,076","1,178","2,500","4,273","6,467",,,,,,,,,,,,,,,,,,,,,,
"Bahamas, The",,,,,,,,,,,,,,,,,,,,,,,,,,,,,,,,,,,,,,,,,,,,,,,,,,,
"Bahrain, Kingdom of",,,,,,,,,,"1,081","1,882","1,359","1,266","1,153","1,110","1,280","1,271","1,369","1,356","1,379","1,575","1,695","1,486","1,539","1,701","1,987","2,814","4,235","3,937","3,822","5,096","4,551","5,211","5,354","6,055","3,414","2,447","2,635","2,149","3,681",,,,,,,,,,,
Bangladesh,,,,,,,,,,,,,,,,"2,337","1,842","1,558","1,921","1,618","1,511","1,306","1,683","2,578","3,172","2,826","3,877","5,278","5,789","10,343","11,178","9,192","12,751","18,092","22,311","27,493","32,279","33,424","32,019","32,692","43,165","46,154","43,442","46,393","46,191","46,154",,"44,145","41,827","36,505",
Barbados,,,,,,,,,,,,,,,,,,,,,,,,,,,,,875,918,744,725,754,598,,,,,,,,,,,,,,,,,
"Belarus, Rep. of",,,,,,,,,,,,,,,,,469,394,339,305,357,359,478,499,770,"1,297","1,383","4,182","3,061","5,653","5,031","7,916","8,095","6,651","5,059","4,176","4,927","7,315","7,158","9,394","7,468","8,425","6,939","7,408","8,453","8,425","9,296","8,991","8,870","8,818","9,296"
Belgium,,"19,698","20,306","18,641","16,064","16,845","19,665","27,107","24,082","23,796","24,883","24,233","22,827","22,514","23,482","23,482","23,050","21,382","20,503","13,310","12,242","13,569","14,698","14,449","13,988","11,996","13,436","16,505","15,646","23,983","26,815","29,432","30,769","26,924","25,394","24,098","23,566","26,159","26,871","28,957","33,319","41,893","30,904","31,734","40,822","41,893",,"42,170","40,371","38,688",
Belgium-Luxembourg,,,,,,,,,,,,,,,,,,,,,,,,,,,,,,,,,,,,,,,,,,,,,,,,,,,
Belize,,,,,,,,,,,,,,,,,,,,,,,,,,,,,,,,,,,,,,,,,,,,,,,,,,,
Benin,,,,,,,,,,,,,,,,,262,253,262,400,459,580,591,718,635,656,912,"1,209","1,263","1,230","1,200",887,713,695,722,737,267,798,941,"1,376","1,607",870,,,,,,,,,
Bermuda,,,,,,,,,,,,,,,,,,,,,,,,,,,,,,,,,,152,137,143,153,155,153,163,181,221,208,221,227,221,,237,,,
Bhutan,,,,,,,,,,,,,,,,,,,,,,,,,,,,536,549,684,757,777,672,918,998,959,"1,140","1,008","1,079","1,116","1,366","1,308","1,536","1,308","1,299",971,804,948,804,676,
Bolivia,,,,,,,,,,,,,,,,,,"1,314","1,327","1,360","1,305","1,285","1,049","1,253","1,432","1,959","3,192","5,319","7,722","8,581","9,730","12,020","13,927","14,430","15,123","13,056","10,082","10,261","8,946","6,467","5,276","4,752","4,526","4,626","4,829","4,752",,"4,598","4,503","3,844",
Bosnia and Herzegovina,,,,,,,,,,,,,,,,,,,,,,,,,"2,464","2,565","3,690","5,042","4,480","4,576","4,412","4,250","4,391","4,984","4,858","4,791","5,137","6,509","6,809","7,207","8,709","9,475","8,188","8,619","9,186","9,475","8,763","9,078","8,550","8,199","8,763"
Botswana,,,,,,,,,,,,,,,"4,401","4,693","5,032","5,676","5,940","6,229","6,317","5,896","5,473","5,339","5,654","6,279","7,954","9,744","9,125","8,679","7,893","8,010","7,627","7,768","8,313","7,553","7,210","7,455","6,652","6,139","4,943","4,767",,,,,,,,,
Brazil,,,,,,,,,,,,,,,,,,,,,,"35,866","37,837","49,296","52,935","53,799","85,839","180,334","193,783","238,539","288,575","352,010","373,147","358,806","363,550","356,463","365,015","373,966","374,715","356,884","355,620","362,204","347,413","352,486","368,886","362,204",,"353,169","341,958","327,580",
Brunei Darussalam,,,,,,,,,,,,,,,,,,,,,,,,,,,,,,,,,,,,,,,,,,,,,,,,,,,
Bulgaria,,,,,,,,,,,,,,,,,,,"3,056","3,222","3,460","3,580","4,747","6,827","9,336","8,695","11,756","17,537","17,923","18,527","17,232","17,272","20,503","19,883","20,106","22,163","25,191","28,377","28,710","27,904","37,858","39,186","33,629","35,326","37,590","39,186",,"36,660","34,779","36,018",
Burkina Faso,,,,,,,,,,,,,,,,,,,,,,,,,,433,552,"1,029",928,"1,296","1,068",957,"1,025",628,297,260,51,"1,649","1,620","1,795","1,821","1,797",,,,,,,,,
Burundi,,,,,,,,,,,,,,,,,,122,75,54,43,24,65,74,69,114,133,179,267,323,332,296,309,329,317,136,95,102,71,,,,,,,,,,,,
Cabo Verde,,,,,,,,,,,,,,,,,,,,,,,,,139,174,255,379,392,393,391,335,393,478,509,495,565,619,605,740,712,673,628,615,604,673,649,681,653,578,649
Cambodia,,,,,,,,,,,,,,,,192,504,575,447,509,611,676,790,863,936,"1,042","1,097","1,616","2,164","2,367","3,817","4,072","4,751","4,923","5,829","6,788","9,152","12,232","14,713","18,793","21,333","20,263","20,259","20,233","19,690","20,263",,"20,347","19,522","17,663",
Cameroon,,,,,,,,,,,,,,,,,,,,,,,,,,,,,,,,,"3,431","3,508","3,204","3,568","2,260","3,235","3,503","3,766","3,704","1,979",,,,,,,,,
Canada,"4,030","4,371","3,793","4,205","3,182","3,276","4,096","8,197","16,199","16,794","18,580","16,902","11,909","12,769","12,484","15,227","20,578","17,969","23,430","28,650","32,425","34,253","37,189","36,267","34,478","33,018","35,063","41,082","43,873","54,357","57,151","65,819","68,546","71,936","74,700","79,753","82,718","86,678","83,931","84,897","89,687","105,479","83,375","89,053","106,176","105,479","106,908","103,764","106,282","102,771","106,908"
Cayman Islands,,,,,,,,,,,,,,,,,,,,,,,,,,,,,,,,,,,,,129,151,162,185,217,,,,,,,,,,
Central African Rep.,,,,,,,,,,,,,,,,,,,,,,,,,,,,,,,,,,,,,,,,,,,,,,,,,,,
Chad,,,,,,,,,,,,,,,,,,,,,,,,,,,,,,,,,,,,,,,,,,,,,,,,,,,
Chile,,,,,,,,,,,,,,,,,"15,660","18,273","16,292","14,952","15,114","14,410","15,352","15,852","16,016","16,962","19,428","16,910","23,161","25,377","27,863","41,979","41,649","41,093","40,447","38,641","40,493","38,982","39,859","40,656","39,166","51,252","40,220","44,954","53,309","51,252",,"48,318","45,816","37,774",
"China, P.R.: Hong Kong",,,,,,,,,,,,,,,,,,"92,855","89,683","96,287","102,194","104,968","106,670","111,894","116,409","114,147","126,702","139,452","164,199","245,464","256,907","270,492","300,686","311,195","328,483","358,807","386,199","431,552","424,418","441,622","491,829","496,759","491,334","491,557","494,666","496,759",,"481,634","447,232","419,129",
"China, P.R.: Macao",,,,,,,,,,,,,,,,,,,,,,,,,,,,,,,,,,,,,,,,,,,,,,,,,,,
"China, P.R.: Mainland",,,,,,,,,,,,,,,,,,,,,,,,,"618,574","825,693","1,080,767","1,547,318","1,966,200","2,453,177","2,914,184","3,255,786","3,387,863","3,880,383","3,899,292","3,406,112","3,097,845","3,235,895","3,167,992","3,222,933","3,356,529","3,426,909","3,297,095","3,345,897","3,373,016","3,426,909",,"3,373,159","3,246,594","3,193,579",
Colombia,"5,363","5,581","4,858","3,105","1,906","2,191","3,583","3,583","3,934","4,092","4,731","6,607","7,813","7,946","8,114","8,462","9,939","9,908","8,733","8,102","8,730","9,953","10,539","10,601","13,141","14,552","15,036","20,526","23,545","24,970","28,063","31,894","36,962","43,111","46,807","46,223","46,185","47,138","47,895","52,652","58,500","58,019","58,370","58,357","58,161","58,019","56,704","57,440","56,598","55,761","56,704"
"Comoros, Union of the",,,,,,,,,,,,,,,,,,,,,,,,,,,,,,,,,,,,,,,,,,,,,,,,,,,
"Congo, Dem. Rep. of the",,,,,,,,,,,,,,,,,,,,,,,,,,,,,,,,,,"1,683","1,006","1,076",728,729,650,"1,046",709,,,,,,,,,,
"Congo, Rep. of",,,,,,,,,,,,,,,,,,,,,,,,,,,,,,,,,,,,,,,,,,,,,,,,,,,
Costa Rica,,,,,,,,,,,,,,,,,,,,,,,,,,"2,071","3,103","4,160","3,812","4,073","4,630","4,758","6,859","7,333","7,214","7,836","7,574","7,150","7,492","8,944","7,238","6,928","7,180","7,148","7,579","6,928",,"7,066","6,207","7,575",
Côte d'Ivoire,,,,,,,,,,,,,,,,,,,,,,,,,,"1,314","1,798","2,519","2,253","3,267","3,624","4,316","3,928","4,225","4,487","4,702","4,147","6,257","6,341","7,420","9,494","10,615",,,,,,,,,
"Croatia, Rep. of",,,,,,,,,,,,,,,,,,,"2,816","3,025","3,524","4,703","5,885","8,191","8,758","8,800","11,488","13,675","12,957","14,895","14,132","14,484","14,807","17,767","15,424","14,967","14,245","18,819","19,993","20,774","23,257","28,309","24,782","25,650","28,403","28,309",,"26,636","26,270","25,171",
Curaçao and Sint Maarten,,,,,,,,,,,,,,,,,,,,,,,,,,,,,,,,"2,205","2,260","1,764","1,912","1,819","1,972","2,020","1,861","1,497","1,775","1,766",,,,,,,,,
"Curaçao, Kingdom of the Netherlands",,,,,,,,,,,,,,,,,,,,,,,,,,,,,,,,"1,654","1,695","1,323","1,434","1,347","1,452","1,515","1,395","1,123","1,331","1,324",,,,,,,,,
Cyprus,,,,,,,,,,,,,,,,,,,,,"1,870","2,396","3,122","3,489","4,075","4,329","5,865","6,512","1,003","1,291","1,148","1,214","1,201",918,890,806,817,888,928,"1,033","1,239","1,613","1,127","1,156","1,574","1,613",,"1,656","1,575","1,551",
Czech Rep.,,,,,,,,,,,,,,"3,872","6,243","14,023","12,435","9,774","12,617","12,825","13,139","14,464","23,710","26,957","28,450","29,555","31,454","34,905","37,013","41,611","42,493","40,291","44,883","56,217","54,493","64,491","85,729","147,976","142,512","149,855","166,121","173,613","163,644","167,058","169,152","173,613",,"173,689","154,618","132,625",
Czechoslovakia,,,,,,,,,,,,,,,,,,,,,,,,,,,,,,,,,,,,,,,,,,,,,,,,,,,
Denmark,,,,,,,,,,,,"8,376","11,597","11,142","9,160","11,933","14,569","19,279","16,136","22,670","15,056","18,106","27,773","38,194","40,102","34,058","31,218","34,392","42,428","76,783","76,709","85,231","90,440","88,648","75,068","64,710","63,605","74,845","70,685","66,803","72,756","82,145","71,307","74,349","79,079","82,145",,"80,057","74,639","72,785",
Djibouti,,,,,,,,,,,,,,,,,,,,,,,,101,94,86,117,130,174,218,232,229,235,425,392,366,407,565,454,494,677,578,651,611,743,578,,,,,
Dominica,,,,,,,,,,,,,,,,,,,,,,,,,,,,,,,,,,87,101,126,222,212,191,155,166,181,,,,,,,,,
Dominican Rep.,,,,,,,,,,,,,,,,,,,,,,,630,279,823,"1,929","2,281","2,980","2,662","3,307","3,765","4,098","3,559","4,701","4,862","5,266","6,047","6,781","7,628","8,782","10,752","13,034","12,174","12,611","12,933","13,034",,"14,596","14,456","13,808",
Eastern Caribbean Currency Union,,,,,,,,,,,,,,,,,,,,,,,,,,,,,,,,,,"1,222","1,457","1,599","1,724","1,780","1,772","1,718","1,766","2,068",,,,,,,,,
Ecuador,,,,,,,,,,,,,,"1,324","1,904","1,730","1,976","2,227","1,768",874,"1,180","1,074","1,008","1,161","1,438","2,147","2,023","3,521","4,473","3,792","2,622","2,958","2,483","4,361","3,949","2,496","4,218","2,007","2,160","2,934","7,133","7,898","5,779","6,050","6,293","7,898",,"9,226","8,585","8,381",
"Egypt, Arab Rep. of",,,,,,,,,,,,,,,,,,,,,,,,,"14,477","21,231","25,155","31,178","33,047","33,468","36,200","18,307","14,847","16,560","14,877","15,883","23,618","36,358","41,805","44,569","38,973","39,787","39,180","39,447","39,685","39,787",,"35,328","31,535",,
El Salvador,,,,,,,,,,,,,,707,813,960,"1,100","1,462","1,765","1,972","1,893","1,712","1,591","1,910","1,893","1,833","1,908","2,199","2,545","2,986","2,882","2,503","3,175","2,745","2,693","2,787","3,238","3,567","3,569","4,446","3,083","3,426","2,449","2,664","3,450","3,426",,"3,867","3,984","3,777",
"Equatorial Guinea, Rep. of",,,,,,,,,,,,,,,,,,,,,,,,,,,,,,,,,,,,,,,,,,,,,,,,,,,
"Eritrea, The State of",,,,,,,,,,,,,,,,,,,,,,,,,,,,,,,,,,,,,,,,,,,,,,,,,,,
"Estonia, Rep. of",,,,,,,,,,,,,,,,,640,760,813,856,923,823,"1,003","1,387","1,794","1,943","2,791","3,298","3,923","3,982","2,550",207,301,316,437,415,353,345,816,"1,423","1,997","2,372","2,381","2,433","2,679","2,372","2,217","2,700","2,338","2,264","2,217"
"Eswatini, Kingdom of",,92,78,95,81,85,98,129,133,183,208,223,303,239,243,277,282,290,355,370,346,276,295,275,284,253,383,661,759,878,678,520,663,766,690,550,566,574,449,449,555,581,627,566,584,581,,476,,,
"Ethiopia, The Federal Dem. Rep. of",,,,,,,,,,,,,,,,,,,,,,,,,,,,,,,,,,,,,,,,,,,,,,,,,,,
Euro Area,,,,,,,,,,,,,,,,,,,,"373,683","351,977","346,051","383,932","387,354","382,792","377,545","429,176","511,160","520,785","666,014","789,544","862,815","909,438","747,360","743,403","701,398","745,797","803,037","823,168","913,604","1,079,026","1,197,132","995,986","1,032,785","1,160,590","1,197,132",,"1,224,186","1,165,543","1,107,150",
Faroe Islands,,,,,,,,,,,,,,,,,,,,,,,,,,,,,,,,,,,,,,,,,,,,,,,,,,,
"Fiji, Rep. of",,,,,,,,,,,,,,,,,,,,,,,,,,315,310,519,317,566,716,831,915,937,911,914,902,"1,108",939,"1,035","1,074","1,511","1,145","1,528","1,501","1,511",,"1,483","1,537","1,532",
Finland,"2,150","1,801","1,779","1,476","3,020","4,134","2,221","6,957","6,880","5,648","10,245","8,137","5,626","5,788","11,122","11,210","7,839","9,490","9,787","8,679","8,408","8,420","9,825","11,174","12,912","11,330","7,498","8,383","8,342","11,451","9,551","10,339","11,077","11,256","10,664","10,574","10,882","10,419","10,307","11,418","13,478","16,750","13,049","13,357","16,578","16,750","16,049","16,621","15,940","15,247","16,049"
France,"79,759","56,233","53,370","51,630","47,829","54,748","65,362","75,331","59,764","58,799","68,696","63,260","57,134","55,274","57,956","58,609","57,304","55,650","70,093","67,927","63,553","58,638","61,696","70,763","77,353","74,360","98,240","115,716","102,926","133,078","166,224","171,896","184,523","144,927","143,449","138,163","146,770","156,401","166,628","188,866","224,503","244,498","205,529","212,632","237,604","244,498",,"251,210","239,922","226,691",
French Polynesia,,,,,,,,,,,,,,,,,,,,,,,,,,,,,,,,,,,,,,,,,,,,,,,,,,,
Gabon,,,,,,,,,,,,,,,,,,,,,,,,,,,,,,,,,,,,,,,,,,,,,,,,,,,
"Gambia, The",,,,,,,,,,,,,,,,,,,,,,,,,,,,,,,,,,,,,,,,,,,,,,,,,,,
Georgia,,,,,,,,,,,,,,,,,,,,136,113,162,202,196,387,478,931,"1,361","1,480","2,110","2,264","2,818","2,873","2,823","2,699","2,521","2,756","3,039","3,288","3,506","3,911","4,273","4,102","3,919","4,077","4,273",,"4,030","3,922","4,312",
Germany,"41,100","34,513","35,550","29,941","25,929","33,947","47,193","75,999","53,188","57,444","69,627","62,503","87,578","69,588","73,351","84,623","76,902","70,794","80,107","93,475","87,295","82,159","89,142","96,835","97,170","101,676","111,638","136,234","138,044","180,848","216,496","238,854","248,857","198,207","192,750","173,684","185,287","200,090","198,230","223,832","268,777","296,039","245,532","253,848","285,869","296,039",,"308,358","292,064","274,210",
Ghana,,,,,,,,,,,,,,,,,,,,,,,,,,,"2,276","2,783","2,016","3,300","4,783","5,549","5,344","5,307","4,991","5,524","5,706","6,934","6,257","7,571","7,944","8,943",,,,,,,,,
Greece,,,,,,,,,,,,,,,,,,,"9,458","10,145","12,255","6,169","9,432","5,801","2,708","2,287","2,850","3,658","3,500","5,547","6,368","6,899","7,256","5,753","6,212","6,026","6,892","7,807","7,585","8,502","11,943","14,458","10,617","10,849","14,120","14,458",,"14,497","11,428","10,981",
Grenada,,,,,,,,,,,,,,,,,,,,,,,,,,,,,,,,,,151,170,198,208,199,234,236,293,348,,,,,,,,,
Guatemala,,,,,,,,,,,,,,,,,,,,,,,,,,"3,777","4,055","4,315","4,655","5,209","5,950","6,184","6,690","7,269","7,329","7,746","9,156","11,765","12,751","14,784","18,464","20,935","18,695","18,744","19,823","20,935",,"20,759","19,870","20,421",
Guinea,,,,,,,,,,,,,,,,,,,,,,,,,,,,,45,272,234,649,707,781,870,466,592,687,782,"1,086",,,,,,,,,,,
Guinea-Bissau,,,,,,,,,,,,,,,,,,,,,,69,103,166,72,80,81,121,118,174,158,220,165,186,287,332,226,457,472,497,485,508,,,,,,,,,
Guyana,,,,,,,,,,,,,,,,,,,,,,,,,,,,,,,,,,,,,597,584,522,578,683,816,629,616,824,816,,680,,,
Haiti,,,,,,,,,,,,,,,,,,,293,329,272,277,228,207,257,279,387,596,759,949,"1,794","2,002","2,286","2,319","1,858","1,752","1,970","2,156","2,149","2,178","2,495","2,528",,,,,,,,,
Honduras,,,,,,,,,,,,,,,,,,,,,,,,,"1,949","2,305","2,607","2,508","2,450","2,111","2,702","2,785","2,532","3,008","3,458","3,755","3,814","4,708","4,769","5,744","8,138","8,666","8,242","8,635","8,962","8,666",,"8,531","8,341","8,198",
Hungary,,,,,,,,,,,,,,,,"12,095","9,832","8,437","9,348","10,999","11,241","10,788","10,428","12,840","15,965","18,603","21,589","24,052","33,874","44,183","44,988","48,835","44,670","46,508","42,019","33,124","25,824","28,002","31,361","31,831","41,353","43,478","37,594","36,616","44,406","43,478",,"41,147","39,119","38,095",
Iceland,,,,,,,312,313,290,329,427,442,497,428,298,315,460,385,427,493,404,355,462,819,"1,074","1,069","2,342","2,632","3,565","3,883","5,777","8,534","4,185","4,219","4,177","5,038","7,230","6,575","6,327","6,786","6,420","7,079","6,788","6,944","7,204","7,079","5,888","6,875","6,588","6,131","5,888"
India,,,,,,,,,,,,,,,,,"26,848","29,895","32,826","38,820","42,818","55,412","75,263","107,544","142,030","150,246","177,195","275,281","255,877","283,474","297,752","297,950","297,806","296,219","322,525","350,008","359,550","409,721","396,116","460,665","586,178","633,748","574,184","611,178","635,654","633,748",,"606,784","589,404","531,619",
Indonesia,,,,,,,,,,,,,,,,,,,,,,"28,014","32,042","36,297","36,321","34,724","42,587","56,922","51,638","66,116","96,207","110,132","112,773","99,387","111,862","105,929","116,370","130,203","120,654","129,183","135,897","144,905","137,096","137,092","146,840","144,905","137,233","139,123","136,347","130,808","137,233"
"Iran, Islamic Rep. of",,,,,,,,,,,,,,,,,,,,,,,,,,,,,,,,,,,,,,,,,,,,,,,,,,,
Iraq,,,,,,,,,,,,,,,,,,,,,,,,,,,"20,041","31,455","50,206","44,336","50,643","61,041","70,327","77,743","65,654",,,,,,,,,,,,,,,,
Ireland,,,,,,,,,,,,,,,,,,,,,,,,,,879,843,940,"1,038","2,155","2,115","1,703","1,706","1,623","1,733","2,191","3,579","4,400","5,206","5,656","7,336","13,228","7,710","7,820","12,455","13,228",,"12,911","12,422","12,550",
Israel,,,,,,,,,,"5,330","6,316","6,406","5,333","6,770","7,164","8,388","11,648","20,405","22,750","22,667","23,260","23,444","24,356","26,693","27,408","28,128","29,159","28,500","42,538","60,747","71,190","75,341","76,417","82,621","86,580","90,984","98,430","113,274","115,782","126,543","174,072","213,743","186,445","200,898","204,692","213,743","195,092","206,941","194,618","186,781","195,092"
Italy,"61,220","50,231","38,592","46,934","42,942","39,466","46,012","64,428","64,394","74,627","92,845","83,329","52,037","50,803","57,615","60,321","70,988","77,091","53,620","45,309","47,056","46,216","55,622","63,256","62,388","65,955","75,774","94,325","105,275","132,797","158,855","173,303","181,670","145,487","142,223","130,770","136,043","151,200","152,510","175,255","210,956","227,699","192,807","201,893","219,605","227,699",,"234,698","222,461","208,984",
Jamaica,,,,,,,,,,,,,,,,,,,,,,,,,,"2,087","2,318","1,878","1,773","1,752","2,978","2,820","1,997","1,818","2,474","2,914","3,291","3,781","3,532","3,631","4,081","4,839","4,244","4,286","4,849","4,839",,"4,325","4,393","4,350",
Japan,,,,,,,,,,,,,,,,,"217,603","220,807","215,825","287,658","360,990","400,413","467,625","673,060","842,519","842,980","894,791","967,392","1,024,639","1,053,878","1,105,218","1,293,386","1,264,796","1,268,023","1,252,494","1,232,756","1,220,418","1,261,272","1,265,290","1,323,107","1,387,860","1,415,654","1,365,143","1,373,689","1,405,126","1,415,654","1,222,571","1,348,660","1,305,837","1,233,849","1,222,571"
Jordan,"2,017","1,968","1,788",,,,,,,,,,,,,,"1,957","2,401","1,955","2,749","3,430","3,174","4,117","5,366","5,446","5,448","6,978","7,929","8,916","12,123","13,617","12,084","8,817","13,805","16,021","16,546","15,518","15,559","14,556","15,380","16,936","19,018","16,552","16,708","17,895","19,018",,"19,015",,,
"Kazakhstan, Rep. of",,,,,,,,,,,,,,,,,,"2,289","1,965","2,002","2,096","2,508","3,141","4,962","9,281","7,070","19,127","17,629","19,849","23,077","28,246","29,301","28,269","24,715","29,209","27,871","29,713","30,999","30,927","28,958","35,638","34,378","33,506","35,049","35,513","34,378",,"33,124","31,952","32,645",
Kenya,,,,,,,,,,,,,,,,,,,,,,,,,,,,,"2,900","3,840","4,008","4,249","5,713","6,649","8,013","7,498","7,347","7,332","8,365",,,,,,,,,,,,
Kiribati,,,,,,,,,,,,,,,,,,,,,,,,,,,,563,390,521,600,598,648,551,565,619,677,812,774,"1,118","1,000","1,111","1,034","1,079","1,073","1,111",,,,,
"Korea, Rep. of",,,,,,,,,,,,,,,"22,340","29,350","29,422","8,872","48,510","74,054","96,198","102,822","121,414","155,355","199,069","210,391","238,957","262,224","201,220","270,012","291,571","306,422","326,969","346,460","363,594","367,958","371,116","389,279","403,694","408,816","443,098","463,118","446,129","454,104","463,911","463,118","423,164","457,798","438,209","416,821","423,164"
"Kosovo, Rep. of",,,,,,,,,,,,,,,,,,,,,,,,,,,,960,933,830,832,731,959,957,783,771,638,820,881,969,"1,104","1,246",959,"1,125","1,420","1,246",,"1,268","1,329","1,444",
Kuwait,,,,,,,,,,,,,,,,,,,,,,"9,975","9,306","7,681","8,345","8,967","12,670","16,766","17,219","20,369","21,337","25,894","28,981","32,275","32,195","28,310","31,098","33,662","37,077","39,883","48,299","45,140","44,460","45,589","46,432","45,140",,"45,695","46,765","44,973",
Kyrgyz Rep.,,,,,,,,,,,,,,33,59,58,84,132,126,183,204,236,290,359,544,608,814,"1,194","1,223","1,581","1,710","1,816","2,012","2,002","1,640","1,468","1,774","1,971","1,920","2,177","2,630","2,779","2,348","2,552","3,056","2,779",,"2,503","2,458","2,319",
Lao People's Dem. Rep.,,,,,,,,,,,,,,,,,,,,,,,,,,,,,,,,,,,,,,,,,,,,,,,,,,,
Latvia,,,,,,,,,,,,,,,,586,772,833,873,944,746,975,"1,177","1,493","2,023","2,350","4,529","5,837","5,146","6,922","7,734","6,394","7,499","7,974","3,227","3,446","3,515","4,619","4,370","4,481","5,290","5,491","5,324","5,278","5,568","5,491","4,460","5,280","4,838","4,331","4,460"
Lebanon,,,,,,,,,,,,,,,,,,,,,,,,,,,,,,,,,,,,,,,,,,,,,,,,,,,
"Lesotho, Kingdom of",,,,,,,,,,,,,,,,457,461,572,575,500,420,424,447,503,595,573,706,"1,003",972,"1,522","1,531",903,"1,016","1,045","1,071",916,841,713,677,751,856,882,812,808,913,882,,896,713,659,
Liberia,,,,,,,,,,,,,,,,,,,,,,,,,,,,,,372,466,513,497,493,509,532,537,483,401,349,,,,,,,,,,,
Libya,,,,,,,,,,,,,,,,,,,,,,,,,,,,,,,,,,,,,,,,,,,,,,,,,,,
Lithuania,,,,,,,,,,,,,,,587,819,834,"1,063","1,460","1,242","1,359","1,669","2,420","3,450","3,593","3,794","5,792","7,750","6,363","6,649","6,663","8,212","8,495","8,091","8,713","1,697","2,602","4,451","5,771","5,085","4,847","5,581","5,156","5,374","5,910","5,581",,"5,902","5,372","5,181",
Luxembourg,,,,,,,,,,,,,,,,,,,,,,,178,311,331,278,265,206,398,810,849,"1,014",991,963,864,771,974,878,939,"1,055","1,118","2,921","1,182","1,129","2,905","2,921",,"2,921","2,795","2,682",
"Madagascar, Rep. of",,,,,,,,,,,,,,,,,,,,,,,,,,420,531,732,993,982,"1,024","1,136","1,051",776,773,833,"1,133","1,561","1,694","1,650","1,964","2,277","1,886","2,008","2,291","2,277",,,,,
Malawi,,,,,,,,,,,,,,,,,,,,,,,162,123,129,159,134,252,258,167,302,193,219,405,580,674,602,755,750,825,567,426,,,,,,,,,
Malaysia,"4,433","4,139","4,057","4,076","4,345","5,382","6,400","7,872","6,798","8,056","10,047","11,218","18,115","28,343","26,673",,,,,,,"29,811","33,647","44,109","66,201","70,138","82,199","101,494","91,633","96,737","106,583","133,248","139,689","134,650","115,979","95,315","94,488","102,073","101,369","103,611","107,725","116,588","108,411","111,089","115,210","116,588",,"115,536","108,961",,
Maldives,,,,,,,7,8,22,24,24,23,28,26,32,49,78,100,120,129,124,94,135,161,205,187,232,309,241,262,351,336,,,,,,,,,,,,,,,,,,,
Mali,,,,,,,,,,,,,,,,,432,415,406,350,383,349,591,952,851,855,969,"1,087","1,072","1,605","1,351","1,379","1,341","1,300",766,733,333,905,920,"1,178","1,686","2,141",,,,,,,,,
Malta,"1,042","1,135","1,146","1,179","3,885","4,117","4,383",,,,,,,,"1,876","1,648","1,541","1,437","1,696","1,797","1,471","1,682","2,209","2,758","2,762","2,582","2,950","3,770",373,539,540,512,704,600,619,572,677,833,"1,025",937,926,"1,146",960,973,"1,176","1,146",,"1,375","1,152",,
"Marshall Islands, Rep. of the",,,,,,,,,,,,,,,,,,,,,,,,,,,,,,,5,5,5,5,5,5,5,5,5,5,5,11,,,,,,,,,
"Mauritania, Islamic Rep. of",147,166,143,110,81,63,53,77,60,87,59,72,65,49,44,90,145,204,206,,,,,,,,,,,,,,,,,,,,,,,,,,,,,,,,
Mauritius,,40,43,22,27,34,140,348,447,523,743,898,824,761,752,868,900,699,571,743,910,848,"1,240","1,598","1,630","1,366","1,301","1,821","1,783","2,303","2,601","2,779","3,046","3,491","3,919","4,260","4,967","5,984","6,353","7,363","7,292","8,562",,,,,,,,,
Mexico,,,,,,,,,,,,,,,,,,,,,,"44,812","50,672","59,025","64,198","74,105","76,325","87,208","95,300","99,891","120,584","149,207","167,049","180,199","195,681","177,596","178,023","175,443","176,373","183,019","199,055","207,743","199,301","199,581","212,001","207,743",,"209,569","203,569","202,083",
"Micronesia, Federated States of",,,,,,,,,,,,,,,,,,,,,,,,,,,,,,53,56,77,76,83,93,,,,,,,,,,,,,,,,
"Moldova, Rep. of",,,,,,,,,,,,,,,180,257,314,362,137,180,223,229,269,302,470,597,775,"1,334","1,672","1,480","1,718","1,965","2,515","2,821","2,157","1,757","2,206","2,803","2,995","3,060","3,784","3,902","3,708","3,774","3,961","3,902",,"3,432","3,616","4,228",
Mongolia,,,,,,,,,,,,,,,,,,,,,,,,,,,,,,,"2,288","2,848","4,125","2,165","1,650","1,323","1,304","3,016","3,549","4,349","4,534","4,366","4,775","4,732","4,180","4,366",,"3,319","3,096","2,796",
Montenegro,,,,,,,,,,,,,,,,,,,,,,,,,,,,,,,,,,,,,794,"1,016","1,189","1,535","2,133","1,980","1,646","1,631","1,869","1,980",,"1,871","1,720","1,874",
Montserrat,,,,,,,,,,,,,,,,,,,,,,,,,,,,,,,,,,41,45,51,49,48,50,57,72,40,,,,,,,,,
Morocco,,,,,,,,,,,,,,,,,,,,,,,"10,360","14,143","16,641","16,461","20,814","24,716","22,764","23,579","23,612","20,642","17,535","19,256","20,405","23,008","25,365","26,190","24,436","26,413","35,999","35,648","33,675","33,732","35,060","35,648",,"34,445","32,441","30,987",
"Mozambique, Rep. of",,,,,,,,,,,,,,,,,,,,,,,,,,"1,102",863,"1,487","1,584","1,951","2,180","2,422","2,798","3,191","3,071","2,471","2,009","3,338","3,081","3,884","4,070","3,470","4,111","3,860","3,876","3,470",,"3,262","3,143","2,663",
Myanmar,,,,,,,,,,,,,,,,,,,,328,287,455,553,656,782,885,"1,376","3,239","4,051","5,330","5,905","7,126","7,320","8,828","4,484","4,374","4,917","5,214","5,641","5,911",,,,,,,,,,,
Namibia,,,,,,,,,,43,80,62,50,134,203,222,194,,,,263,223,324,319,328,294,422,955,"1,366","1,874","1,539","1,769","1,733","1,497","1,167","1,517","1,812","2,432","2,150","2,049","2,172","2,764","2,323","2,924","3,030","2,764",,"2,808","2,829","2,668",
"Nauru, Rep. of",,,,,,,,,,,,,,,,,,,,,,,,,,,,,1,2,3,2,7,5,13,13,16,10,23,,,,,,,,,,,,
Nepal,,,,,,,,,,,,,,,,,,,,,,,,,,,,,,,,,"4,430","5,480","6,204","8,198","8,866","9,369","8,279","8,706","11,636","9,075","11,235","11,109","10,460","9,075",,"9,066","9,166",,
Netherlands Antilles,,,,,,,,,,,,,,,,,,,,,,,,,,,,,,,,,,,,,,,,,,,,,,,,,,,
"Netherlands, The","16,544","14,654","15,122","14,438","18,161","22,203","28,739","37,771","34,487","34,504","35,054","33,708","36,927","44,427","47,903","47,182","39,648","32,720","29,547","19,070","17,636","16,929","18,948","21,597","21,603","20,457","23,903","26,984","28,509","39,611","46,240","51,267","54,816","46,250","42,921","39,575","37,736","40,074","39,677","45,055","53,699","64,899","49,865","51,770","62,632","64,899",,"65,497","61,282","57,868",
New Caledonia,,,,,,,,,,,,,,,,,,,,,,,,,,,,,,,,,,,,,,,,,,,,,,,,,,,
New Zealand,,,,,,,,,,,,,,,,,,,,,"3,952","3,565","4,963","6,048","6,947","8,896","14,069","17,246","11,052","15,594","16,723","17,013","17,584","16,319","15,860","14,699","17,809","20,683","17,638","17,813","13,734","16,113","12,922","13,976","15,563","16,113",,"16,214","12,425","11,414",
Nicaragua,,,,,,,,,,,,,,,,,,,,,,384,453,508,668,674,860,"1,032","1,062","1,488","1,707","1,793","1,778","1,874","2,147","2,353","2,296","2,593","2,080","2,199","3,003","3,828","3,143","3,398","3,842","3,828",,"3,987","4,124","4,015",
Niger,,,,,,,,,,,,,,,,,78,54,53,39,81,109,134,273,250,251,371,593,705,656,760,673,"1,015","1,167","1,285","1,116","1,186","1,314","1,083","1,581","1,722","1,893",,,,,,,,,
Nigeria,,,,,,,,,,,,,,,,,,,,,,,,,,"28,358","42,298","51,334","53,001","42,339","32,340","32,640","43,831","42,848","34,242","28,283","27,233","39,609","42,839","38,335","36,730","40,476","35,377","33,240","41,801","40,476",,"39,515","39,377","37,634",
"North Macedonia, Republic of",,,,,,,,,,,,,,,,,267,280,367,478,713,775,734,893,975,"1,325","1,866","2,240","2,108","2,291","2,277","2,677","2,891","2,747","2,963","2,471","2,755","2,802","3,284","3,651","4,126","4,129","4,625","4,793","4,301","4,129",,"3,641","3,277","3,643",
Norway,"6,044","6,309","6,910","6,640","9,401","13,903","12,287","14,376","13,193","13,971","15,541","13,177","11,880","15,680",,,,,"19,314","20,800","27,786","23,474","32,175","37,566","44,815","47,062","56,494","61,140","59,493","48,890","55,979","52,785","51,998","58,377","65,413","57,712","60,445","65,924","63,146","66,946","75,259","84,444","76,652","81,239","85,352","84,444","72,078","80,224","77,713","78,339","72,078"
Oman,,,,,,,,,,,,,,,,,,,,,,,,,,,,,,,,,,,,,,,,,,,,,,,,,,,
Pakistan,,,,,,,,,,,,,,,,,,,,,,,,"12,696","10,719","11,023","12,662","15,471","9,138","15,146","17,951","17,623","13,525","7,347","14,425","19,422","22,058","18,456","11,752","16,443","18,806","22,812","18,419","22,379","24,242","22,812",,"16,946","14,867","12,099",
"Palau, Rep. of",,,,,,,,,,,,,,,,,,,,,,,,,,,,,,5,5,5,5,5,4,4,4,4,4,4,4,11,,,,,,,,,
Panama,,,,,,,,,,,,,,,,781,"1,079","1,757","1,738","1,922","2,505","3,214","3,435","3,171","2,573","3,074","2,720","3,345","3,881","3,661","3,975","3,820","2,626","3,028","4,233","4,143","4,745","3,788","3,149","4,375","9,930","8,832","9,132","9,089","8,407","8,832",,"9,628","8,818",,
Papua New Guinea,,,,,,,,,,,,,,,,,,,,,,,,,,,,,,,,,,,,,,,,,,,,,,,,,,,
Paraguay,,,,,,,,,,,,,,,,"1,051","1,106","1,058",875,988,772,723,650,993,"1,188","1,317","1,724","2,465","2,863","3,860","4,177","4,983","4,993","5,871","6,891","6,200","7,145","8,146","7,970","7,675","9,490","9,947","9,970","10,326","10,025","9,947",,"9,506","9,421","9,444",
Peru,,,,,,,"1,805","1,065","1,063","1,453","1,736","2,572","3,091","3,754","6,813","7,735","9,518","11,011","9,869","8,884","8,554","8,830","9,682","10,197","12,639","14,111","17,320","27,710","31,223","33,169","44,140","48,852","65,181","66,886","63,470","62,550","61,737","63,722","60,278","68,360","74,900","78,531","79,932","71,932","76,045","78,531",,"75,444","73,393","74,290",
Philippines,"5,392","4,930","4,141","2,584","2,732","2,862","4,319","4,238","5,071",,,,,,,,,,,,,"15,693","16,366","17,063","16,229","18,494","22,967","33,752","37,551","44,243","62,372","75,302","83,831","83,187","79,541","80,667","80,691","81,564","79,191","87,838","110,117","108,794","104,482","105,763","106,596","108,794",,"107,308","100,850","93,010",
"Poland, Rep. of",,,,,,,,,,,,,,,"6,031","14,963","18,219","21,403","28,275","27,315","27,464","26,554","29,784","34,154","36,784","42,572","48,483","65,745","62,178","79,588","93,498","97,867","108,912","106,223","100,440","94,921","114,381","113,277","116,966","128,401","154,230","166,037","158,352","159,403","167,027","166,037",,"158,070","154,263","151,529",
Portugal,,,,,,,,,,,,,,"21,819","21,669","21,954","21,744","20,321","21,586","14,100","14,226","15,081","17,701","12,814","11,685","10,365","9,883","11,546","11,948","15,938","20,995","21,336","22,658","17,553","19,618","19,396","25,131","26,109","24,944","24,980","29,502","32,570","26,661","30,138","32,829","32,570",,"31,456","30,179","29,431",
Qatar,,,,,,,,,,,,,,,,,,,,,,,,,,,,,,,,,,,,,,,,,,,,,,,,,,,
Romania,,,,,,,,,,,877,"1,010",858,956,"1,598","1,380","1,592","3,061","2,299","2,493","3,390","4,861","7,306","9,450","16,283","21,604","30,207","39,957","39,750","44,438","48,066","48,189","46,711","48,820","43,165","38,709","39,999","44,432","42,133","42,005","52,197","51,884","47,523","49,662","53,565","51,884",,"51,029","49,866","48,414",
Russian Federation,,,,,,,,,,,,,,"8,894","6,505","17,207","15,324","17,784","12,223","12,455","27,972","36,622","47,793","76,938","124,541","182,240","303,732","478,762","426,283","439,447","479,374","498,645","537,616","509,593","385,459","368,398","377,738","432,731","468,478","554,346","595,772","630,624","573,321","591,744","614,120","630,624",,,,,
Rwanda,,,,,,,,,,,,,,,,,,,,,,,,,,,,,,,571,718,475,654,945,918,987,"1,150","1,271","1,382","1,720","1,867","1,603","1,527","1,792","1,867","1,726","1,671","1,835","1,570","1,726"
Samoa,,,,,,,,,,,,,,,,,,,,,,,,,,,,,,,,,,150,121,138,113,148,215,227,365,,340,343,341,,,,,,
"San Marino, Rep. of",,,,,,,,,,,,,,,,,,,,,,,,,,,,,,,,,,,,,,,,,,,,,,,,,,,
"São Tomé and Príncipe, Dem. Rep. of",,,,,,,,,,,,,,,,,,,,,,,,,,,,,,,,,,103,105,129,79,83,52,47,73,75,68,59,75,75,,66,61,,
Saudi Arabia,,,,,,,,,,,,,,,,,,,,,,,,,,,,"305,639","442,664","410,109","445,137","544,015","656,574","725,725","732,353","616,418","535,797","496,423","496,589","499,576","453,641","455,417","448,947","447,984","465,492","455,417",,"451,360","466,695","468,406",
Senegal,,,,,,2,9,9,10,19,11,13,12,3,180,272,288,386,433,403,388,456,644,795,"1,368","1,189","1,334","1,660","1,602","2,123","2,048","1,946","2,082","2,253","2,039","2,012","1,554","1,914","2,466",,,,,,,,,,,,
"Serbia, Rep. of",,,,,,,,,,,,,,,,,,,,,,,,,,,,,"11,495","15,235","13,310","15,603","14,402","15,430","12,029","11,299","10,757","11,946","12,895","15,029","16,556","18,635","16,738","16,747","19,458","18,635",,"15,871","15,349","16,088",
Seychelles,,,,,,,,,,,,,,,,,,,,,,,,,,,,,,,,,308,379,463,536,523,545,549,580,559,702,529,556,621,702,,693,,,
Sierra Leone,,,,,,,,,,,,,,,,,,,,,,41,76,57,106,155,173,214,209,324,341,374,417,474,552,493,501,525,,,,,,,,,,,,,
Singapore,"6,572","7,565","8,498","9,288","10,454","12,860","12,946","15,232","17,098","20,380","27,814","34,224","39,995","48,425",,,,,,,,"75,480","82,131","95,869","112,293","115,859","136,275","162,743","173,948","188,083","224,430","237,106","258,884","272,449","257,654","248,243","246,321","279,810","287,292","278,936","362,181","416,763","378,744","398,289","415,696","416,763",,"379,667","314,371","286,262",
"Sint Maarten, Kingdom of the Netherlands",,,,,,,,,,,,,,,,,,,,,,,,,,,,,,,,551,565,441,478,457,493,505,465,374,444,441,,,,,,,,,
Slovak Rep.,,,,,,,,,,,,,,,"2,192","3,862","3,898","3,623","3,244","3,745","4,384","4,461","9,196","12,149","6,712","7,043","5,862","5,627","3,184","1,820","2,162","2,419","2,508","2,152","2,612","2,891","2,892","3,622","5,231","7,167","9,347","9,612","9,104","9,114","9,769","9,612",,"9,820","10,247","9,566",
"Slovenia, Rep. of",,,,,,,,,,,,,,,"1,499","1,821","2,297","3,315","3,639","3,168","3,196","4,397","7,063","8,598","8,899","8,134","7,136","1,066",957,"1,079","1,071",992,952,922,"1,017",857,744,890,934,"1,016","1,312","2,268","1,293","1,333","2,147","2,268","2,269","2,318","2,225","2,150","2,269"
Solomon Islands,,,,,,,,,,,,,,,,,,,,,,,,,,,104,121,90,146,266,412,500,528,514,520,514,577,613,574,661,694,680,676,684,694,,708,667,641,
Somalia,,,,,,,,,,,,,,,,,,,,,,,,,,,,,,,,,,,,,,,,,,,,,,,,,,,
South Africa,"7,618","4,339","4,023","3,998","2,658","2,289","2,514","3,917","2,652","2,613","2,673","3,603","3,818","3,467","4,008","4,975","2,201","5,846","5,389","7,372","7,532","7,471","7,638","7,970","14,718","20,628","25,585","32,941","34,067","39,674","43,827","48,866","50,697","49,688","49,092","45,924","47,228","50,727","51,631","55,050","54,992","57,554","52,982","54,463","57,048","57,554",,"58,150","58,912","58,876",
"South Sudan, Rep. of",,,,,,,,,,,,,,,,,,,,,,,,,,,,,,,,,,,,,,,,,,,,,,,,,,,
Spain,"11,257","12,037","7,434","7,967","12,177","11,165","14,733","33,161","40,565","44,942","55,010","69,447","48,722","43,100","43,834","37,362","60,414","70,384","60,788","37,461","35,576","34,253","40,302","26,809","19,758","17,227","19,341","19,054","20,245","28,201","31,915","47,097","50,060","46,307","50,332","53,965","63,146","69,411","70,652","74,717","81,319","92,228","78,083","79,465","91,100","92,228",,"91,947","88,823","87,987",
Sri Lanka,,,,,,,,,,,,,,,,,,,,,,,,,,,,,,,,"6,749","7,106","7,495","8,208","7,304","6,019","7,959","6,919","7,642",,,,,,,,,,,
St. Kitts and Nevis,,,,,,,,,,,,,,,,,,,,,,,,,,,,,,,,,,302,327,288,321,365,363,363,374,337,,,,,,,,,
St. Lucia,,,,,,,,,,,,,,,,,,,,,,,,,,,,,,,,,,192,258,318,306,322,286,261,231,386,,,,,,,,,
St. Vincent and the Grenadines,,,,,,,,,,,,,,,,,,,,,,,,,,,,,,,,,,135,157,173,199,182,170,193,205,289,,,,,,,,,
Sudan,,,,,,,,,,,,,,,,,,,,,,,,423,"1,153","1,869","1,660","1,378","1,399","1,152","1,121",434,217,199,196,231,216,202,178,190,223,"1,628",,,,,,,,,
Suriname,,,,,,,,,,,,,,,,,,,,,,,,,,,,,,,,817,"1,008",779,625,330,381,424,581,647,585,992,612,649,885,992,"1,195",899,982,"1,029","1,195"
Sweden,,,"3,428","3,999","3,783","5,909","7,040","8,550","8,771","9,798","18,252","18,085","23,285","21,196","23,855","25,682","20,375","11,546","16,884","18,075","17,823","15,875","19,114","22,369","25,282","25,009","28,235","31,269","29,815","47,506","48,367","50,297","52,282","65,428","63,180","58,117","59,677","62,181","60,054","55,849","58,774","62,407","54,700","57,413","62,175","62,407",,"59,903","60,287","61,002",
Switzerland,,,,"20,346","19,654","24,108","29,665","38,621","31,838","33,378","37,913","38,536","40,594","40,967","45,409","48,569","47,288","47,132","50,432","43,747","53,467","51,685","61,322","69,551","74,633","57,690","64,468","75,544","74,162","135,530","268,700","330,978","529,161","535,468","547,143","606,109","679,620","812,183","788,344","853,485","1,082,704","1,111,057","1,051,559","1,085,872","1,078,146","1,111,057",,"1,062,559","962,074","893,972",
Syrian Arab Rep.,,,,,,,,,,,,,,,,,,,,,,,,,,,,"17,053","17,100","17,451","19,520",,,,,,,,,,,,,,,,,,,,
Taiwan Province of China,,,,,,,,,,,,,,,,,,,,,,,,,,,,,,,,,,,,,,,,,,,,,,,,,,,
"Tajikistan, Rep. of",,,,,,,,,,,,,,,,,,,,,,,,,,,,,,,358,501,649,477,511,494,653,"1,292","1,284","1,466","2,238","2,499","2,153","2,199","2,424","2,499",,"2,449","3,301","3,422",
"Tanzania, United Rep. of",,,,,,,,,,,,,394,225,330,270,440,622,599,775,974,"1,168","1,543","1,999","2,307","2,051","2,134","2,754","2,863","3,548","3,921","3,761","4,052","4,674","4,644","3,813","4,346","5,891","5,047","5,570","4,746","4,069",,,,,,,,,
Thailand,,,,,,,,,,,,,,,,"36,945","38,645","26,892","29,536","34,781","32,662","33,049","38,924","42,148","49,831","52,065","66,984","87,454","111,008","138,579","172,122","175,188","181,609","167,289","157,108","156,514","171,853","202,562","205,641","224,322","258,128","245,985","245,535","246,532","244,660","245,985",,"242,434","222,271","199,433",
"Timor-Leste, Dem. Rep. of",,,,,,,,,,,,,,,,,,,,,,,,,,,,230,210,250,406,462,884,687,311,438,281,544,674,656,657,685,551,656,819,685,,,,,
Togo,,,,,,,,,,,,,,,,,,,,122,141,126,172,182,358,192,375,438,582,703,715,774,442,507,508,74,721,966,744,"1,343","1,665",,,,,,,,,,
Tonga,,,,,,,,,,,,,,,,,,,,,,,,,,,,,,,104,135,154,158,167,142,166,192,215,218,241,,,,,,,,,,
Trinidad and Tobago,,,,,,,,,,,,,,,,,,,,,,,,,,,,,,,,"9,983","9,371","10,177","11,493","9,927","9,466","8,370","7,575","6,929","6,954","6,880","6,705","6,639","7,073","6,880",,"6,652","6,757",,
Tunisia,,,,,,,,,,,,,,,,"1,681","1,987","2,054","1,947","2,366","1,898","1,975","2,322","2,974","4,013","4,423","6,786","7,933","8,962","10,585","9,688","7,733","8,869","7,690","7,663","7,402","5,954","5,602","5,216","7,428","9,103","8,656",,,,,,,,,
"Türkiye, Rep. of",,,,"1,443","2,071","2,096","2,645","3,300","3,718","6,227","7,487","6,457","7,654","7,746","8,570","13,825","17,703","19,586","20,779","24,343","23,370","19,960","28,095","35,170","37,612","52,378","63,186","76,415","74,253","74,834","85,967","88,335","119,167","131,035","127,309","110,532","106,111","107,731","93,028","105,696","93,584","111,185","86,689","97,786","121,321","111,185","128,734","105,909","98,314","107,074","128,734"
Turkmenistan,,,,,,,,,,,,,,,,,,,,,,,,,,,,,,,,,,,,,,,,,,,,,,,,,,,
Turks and Caicos Islands,,,,,,,,,,,,,,,,,,,,,,,,,,,,,,,,,,,0,0,0,0,0,,,,,,,,,,,,
Tuvalu,,,,,,,,,,,,,,,,,,,,,,15,12,7,6,5,15,19,19,28,27,24,29,35,42,45,54,61,61,62,75,96,,,,,,,,,
Uganda,,,,,,,,,,,,,,,,,,,,763,808,983,934,"1,080","1,308","1,344","1,811","2,431","2,201","2,507","2,416","2,361","2,952","3,122","3,234","2,820","2,996","3,614","3,170","3,186","3,850","4,333","3,617","4,154","4,417","4,333",,"4,463","4,115","3,694",
Ukraine,,,,,,,,,,,,,,,,,,,,,"1,506","3,089","4,417","6,937","9,525","19,391","22,256","32,463","31,543","26,505","34,576","31,795","24,546","20,416","7,533","13,300","15,539","18,809","20,820","25,302","29,133","30,941","27,035","28,359","28,707","30,941",,"28,108","23,851","23,932",
United Kingdom,"31,656","22,827","20,901","18,571","15,293","19,068","25,718","50,572","51,946","42,207","43,283","48,609","42,778","44,044","47,934","49,149","46,395","37,788","38,839","35,863","42,975","37,236","41,101","42,479","44,869","43,154","45,011","53,463","52,871","64,963","77,572","87,834","97,958","101,155","105,638","129,536","134,642","150,818","171,823","172,742","177,218","193,004","170,864","168,055","192,885","193,004",,"190,138","174,671","158,853",
United States,"171,412","124,568","143,444","123,111","105,040","117,929","139,874","162,370","144,179","168,714","174,664","159,222","147,436","164,909","163,394","176,061","160,739","134,836","146,006","136,449","128,399","129,962","158,601","183,576","189,591","188,043","219,853","277,211","293,732","403,804","488,674","537,036","572,368","448,333","434,251","383,601","405,785","449,703","449,070","514,411","627,306","712,332","570,083","590,117","695,135","712,332",,"744,988","702,625","656,202",
Uruguay,,"1,177",768,940,"1,008","1,219","1,673","1,894",,,"2,243","2,031","1,991","2,201","2,293","2,491","2,600","2,777","3,321","3,166","2,778","3,100",777,"2,034","2,512","3,071","3,097","4,121","6,360","7,988","7,655","10,302","13,604","16,290","17,555","15,634","13,472","15,962","15,557","14,504","16,217","16,963","15,831","16,966","17,147","16,963",,"16,655","15,830","15,385",
"Uzbekistan, Rep. of",,,,,,,,,,,,,,,,,,,,,,,,,,"2,629","4,410","7,275","8,994","11,931","14,215","18,016","22,127","22,481","24,140","24,307","26,429","28,077","27,081","29,172","34,904","35,139","32,676","34,148","34,414","35,139",,"35,156","35,584","33,496",
Vanuatu,,,,,,,,,,,,,,,,,,,45,41,,,37,44,62,67,105,120,115,149,161,174,182,179,184,269,301,395,425,512,614,665,593,608,657,665,,689,,,
"Venezuela, Rep. Bolivariana de",,,,"12,030","13,594","15,438","11,703","11,030","7,018","8,093","12,466","15,161","13,996","13,804","12,759","10,596","16,773","19,013","15,450","16,030","21,491","18,522","14,860","21,367","24,207","30,368","37,440","34,286","43,127","35,830","30,332","29,892","29,890","21,481","22,082","16,369","10,995",,,,,,,,,,,,,,
Vietnam,,,,,,,,,,,,,,,,,,,,,,,,,,,,,,,,,,,,,,,,,,,,,,,,,,,
West Bank and Gaza,,,,,,,,,,,,,,,,,,,,,,,,,,,,,,495,531,497,664,685,672,581,313,446,538,658,697,873,734,784,794,873,,863,830,,
Yemen Arab Rep.,,,,,,,,,,,,,,,,,,,,,,,,,,,,,,,,,,,,,,,,,,,,,,,,,,,
"Yemen, People's Dem. Rep. of",,,,,,,,,,,,,,,,,,,,,,,,,,,,,,,,,,,,,,,,,,,,,,,,,,,
"Yemen, Rep. of",,,,,,,,,,,,,,,,,,,,,,,,,,"6,143","7,544","7,760",,,,,,,,,,,,,,,,,,,,,,,
Yugoslavia,,,,,,,,,,,,,,,,,,,,,,,,,,,,,,,,,,,,,,,,,,,,,,,,,,,
Zambia,89,66,142,115,56,201,,,,,,,,,,,,,,,,,,,,,595,913,942,"1,753","1,896","2,169","2,455","2,251","2,462","2,214","1,884","1,848","1,392","1,247",812,"2,271",790,"1,000","2,411","2,271",,"2,432",,,
Zimbabwe,,,,,,,,,,,,,,,,,,,,,,,,,,,,,,,,,,,,,,,,,,,,,,,,,,,
All Balance of Payments (BOP) Reporters,,,,,,,,,,,,,,,,,,,,,,,,,,,,,,,,,,,,,,,,,,,,,,,,,,,
All Countries,,,,,,,,,,,,,,,,,,,,,,,,,,,,,,,,,,,,,,,,,,,,,,,,,,,
All International Investment Positions (IIP) Reporters,,,,,,,,,,,,,,,,,,,,,,,,,,,,,,,,,,,,,,,,,,,,,,,,,,,
Currency Composition Reporters,,,,,,,,,,,,,,,,,,,,,,,,,,,,,,,,,,,,,,,,,,,,,,,,,,,
Special Purpose Entities Reporters,,,,,,,,,,,,,,,,,,,,,,,,,,,,,,,,,,,,,,,,,,,,,,,,,,,
